"Vrednost opravljenih gradbenih del po: INVESTITOR, KLASIFIKACIJA VRST"
"OBJEKTOV [CC-SI], LETO , MERITVE"

"Investitor";"Vrsta objekta";"Leto";"Tip gradbene aktivnosti - SKUPAJ";"Novogradnja";"Poveèava";"Rekonstrukcija in sprememba namembnosti";"Investicijska vzdrževalna dela";"Redna vzdrževalna dela"
"Investitor - SKUPAJ"
" ";"CC_SI - SKUPAJ"
" ";" ";"2010";2545280617;1670211485;27056700;341304379;258368080;248339973
" ";" ";"2011";2052524988;1135796109;24643479;283848557;376081099;232155743
" ";" ";"2012";1750537845;948162144;15392825;341769724;13920159;431292992
" ";" ";"2013";1680971255;796302754;17873485;361050134;16935997;488808886
" ";" ";"2014";1927094136;904208989;16732927;410657707;13890269;581604244
" ";" ";"2015";1880177750;835567431;22451892;424014952;6178164;591965311
" ";" ";"2016";1609072207;752175566;21858047;335908607;8426253;490703734
" ";" ";"2017";1989789321;1027998854;24984916;388683070;4486767;543635714
" ";"1 STAVBE"
" ";" ";"2010";1232334776;955576845;23772509;124053261;89350570;39581592
" ";" ";"2011";967660837;655260386;19882530;101113627;148896640;42507654
" ";" ";"2012";837371991;491767612;13542640;125365572;13920159;192776007
" ";" ";"2013";723654573;396576283;11699557;116985071;16935997;181457664
" ";" ";"2014";658285202;322586548;10544864;118436346;13890269;192827175
" ";" ";"2015";726589844;375925515;16338558;131201761;6178164;196945847
" ";" ";"2016";742275976;374683848;19437006;126927913;8426253;212800956
" ";" ";"2017";1001068043;573729272;19014082;144534813;4486767;259303108
" ";"11 STANOVANJSKE STAVBE"
" ";" ";"2010";263986222;215563174;670282;19500929;21629969;6621868
" ";" ";"2011";271156317;197270699;2722732;18479407;43043126;9640354
" ";" ";"2012";239933646;139167476;z;25038346;z;71326965
" ";" ";"2013";216293744;111260162;3184903;26062673;3418409;72367596
" ";" ";"2014";197378349;99028322;1108441;19549148;1454732;76237706
" ";" ";"2015";247970604;124222150;1722742;24047558;1058414;96919739
" ";" ";"2016";272270253;129399362;3313267;33697798;3675683;102184143
" ";" ";"2017";345900370;198762461;2756862;35664670;1467449;107248927
" ";"111 Enostanovanjske stavbe"
" ";" ";"2010";78496675;53882944;z;z;z;2462851
" ";" ";"2011";104816537;64877473;z;11038408;20640446;z
" ";" ";"2012";120279607;66093157;z;13847878;z;38168669
" ";" ";"2013";113011603;61621794;z;10754226;z;35968069
" ";" ";"2014";118363663;65263512;z;11389870;z;40207039
" ";" ";"2015";128711474;63691573;1529102;13749724;462867;49278209
" ";" ";"2016";146944983;84629589;2759779;16464968;608881;42481766
" ";" ";"2017";180570404;108231382;2359206;17435752;578070;51965994
" ";"1110 Enostanovanjske stavbe"
" ";" ";"2010";78496675;53882944;z;z;z;2462851
" ";" ";"2011";104816537;64877473;z;11038408;20640446;z
" ";" ";"2012";120279607;66093157;z;13847878;z;38168669
" ";" ";"2013";113011603;61621794;z;10754226;z;35968069
" ";" ";"2014";118363663;65263512;z;11389870;z;40207039
" ";" ";"2015";128711474;63691573;1529102;13749724;462867;49278209
" ";" ";"2016";146944983;84629589;2759779;16464968;608881;42481766
" ";" ";"2017";180570404;108231382;2359206;17435752;578070;51965994
" ";"112 Veèstanovanjske stavbe"
" ";" ";"2010";152330967;132563655;z;z;8933594;4126835
" ";" ";"2011";140127128;109769294;z;6264971;20052489;z
" ";" ";"2012";88125138;54406284;z;5476396;z;27508797
" ";" ";"2013";85270637;45200073;z;7176471;z;32180246
" ";" ";"2014";65073216;24855481;z;z;954857;32841750
" ";" ";"2015";99608161;49239310;z;7325462;z;42293757
" ";" ";"2016";109791207;38693324;z;15859855;z;52460954
" ";" ";"2017";141496540;74058323;z;z;889379;51350441
" ";"1121 Dvostanovanjske stavbe"
" ";" ";"2010";10040829;6955229;z;z;2490615;48995
" ";" ";"2011";10172045;5592116;z;757247;3030327;z
" ";" ";"2012";5962832;3956735;z;630477;z;1248741
" ";" ";"2013";7886151;4237401;z;z;z;3160467
" ";" ";"2014";6412065;2917106;z;z;z;2242119
" ";" ";"2015";7277126;3599967;68539;446045;52461;3110115
" ";" ";"2016";10607411;4691286;117243;858878;-;4940004
" ";" ";"2017";9004394;5552622;107387;z;z;2138154
" ";"1122 Tri- in veèstanovanjske stavbe"
" ";" ";"2010";142290138;125608426;z;z;6442979;4077841
" ";" ";"2011";129955083;104177178;-;5507724;17022163;3248019
" ";" ";"2012";82162306;50449549;z;4845919;z;26260056
" ";" ";"2013";77384486;40962672;-;z;z;29019779
" ";" ";"2014";58661151;21938375;z;z;z;30599632
" ";" ";"2015";92331035;45639343;z;6879417;z;39183642
" ";" ";"2016";99183796;34002038;z;15000977;z;47520950
" ";" ";"2017";132492146;68505701;z;13888582;z;49212287
" ";"113 Stanovanjske stavbe za posebne družbene skupine"
" ";" ";"2010";33158580;29116575;-;z;z;32182
" ";" ";"2011";26212652;22623933;-;1176027;2350190;62502
" ";" ";"2012";31528902;18668035;z;5714073;z;5649500
" ";" ";"2013";18011503;4438295;z;8131976;z;4219280
" ";" ";"2014";13941471;8909329;-;z;z;3188917
" ";" ";"2015";19650969;11291268;z;2972373;z;5347773
" ";" ";"2016";15534063;6076450;z;1372974;z;7241423
" ";" ";"2017";23833426;16472756;z;z;-;3932493
" ";"1130 Stanovanjske stavbe za posebne družbene skupine"
" ";" ";"2010";33158580;29116575;-;z;z;32182
" ";" ";"2011";26212652;22623933;-;1176027;2350190;62502
" ";" ";"2012";31528902;18668035;z;5714073;z;5649500
" ";" ";"2013";18011503;4438295;z;8131976;z;4219280
" ";" ";"2014";13941471;8909329;-;z;z;3188917
" ";" ";"2015";19650969;11291268;z;2972373;z;5347773
" ";" ";"2016";15534063;6076450;z;1372974;z;7241423
" ";" ";"2017";23833426;16472756;z;z;-;3932493
" ";"12 NESTANOVANJSKE STAVBE"
" ";" ";"2010";968348554;740013671;23102227;104552332;67720601;32959724
" ";" ";"2011";696504520;457989687;17159798;82634220;105853514;32867300
" ";" ";"2012";597438345;352600136;z;100327226;z;121449042
" ";" ";"2013";507360829;285316120;8514654;90922398;13517588;109090068
" ";" ";"2014";460906853;223558227;9436422;98887199;12435537;116589468
" ";" ";"2015";478619240;251703365;14615815;107154202;5119750;100026108
" ";" ";"2016";470005724;245284485;16123740;93230116;4750570;110616813
" ";" ";"2017";655167673;374966812;16257220;108870143;3019318;152054180
" ";"121 Gostinske stavbe"
" ";" ";"2010";79708752;48740067;z;z;z;8912390
" ";" ";"2011";40683438;z;z;7528191;7947082;z
" ";" ";"2012";19079828;4089591;4690183;z;z;4658202
" ";" ";"2013";16697554;6914582;z;z;z;6079595
" ";" ";"2014";17202701;8433532;19032;z;z;z
" ";" ";"2015";18168372;12734688;z;1762419;32626;z
" ";" ";"2016";37925928;21915456;z;10052662;z;5854706
" ";" ";"2017";47971656;31198258;145954;9842910;278330;6506205
" ";"1211 Hotelske in podobne gostinske stavbe"
" ";" ";"2010";78507025;48121340;z;z;z;8912390
" ";" ";"2011";39498730;z;z;z;z;z
" ";" ";"2012";18019065;z;4690183;z;z;3931296
" ";" ";"2013";15134653;z;z;2993956;z;5895943
" ";" ";"2014";15653498;7324476;19032;1401018;z;z
" ";" ";"2015";17061491;11855509;z;1755848;z;z
" ";" ";"2016";35977794;21130399;z;9721510;z;5022782
" ";" ";"2017";45725864;29655662;z;9591270;278330;z
" ";"1212 Druge gostinske stavbe za kratkotrajno nastanitev"
" ";" ";"2010";1201727;618727;-;z;z;-
" ";" ";"2011";1184708;z;z;z;z;z
" ";" ";"2012";1060763;z;-;z;-;726906
" ";" ";"2013";1562900;z;z;z;-;183652
" ";" ";"2014";1549203;1109057;-;z;z;z
" ";" ";"2015";1106881;879179;z;6571;z;z
" ";" ";"2016";1948133;785057;-;331152;-;831924
" ";" ";"2017";2245792;1542597;z;251639;-;z
" ";"122 Poslovne in upravne stavbe"
" ";" ";"2010";79370492;53519707;2235290;6199429;13194092;4221973
" ";" ";"2011";111588992;67257740;3439374;12306029;22416210;6169639
" ";" ";"2012";124006348;55305284;z;26848764;z;30883478
" ";" ";"2013";80658660;21822386;429952;22398800;5552977;30454545
" ";" ";"2014";95608711;31899857;808280;30923537;4411785;27565251
" ";" ";"2015";77247708;30193307;492751;19357127;304726;26899798
" ";" ";"2016";91385787;35191381;1938757;16426126;575240;37254283
" ";" ";"2017";116730327;45898070;492974;25093091;238842;45007350
" ";"1220 Poslovne in upravne stavbe"
" ";" ";"2010";79370492;53519707;2235290;6199429;13194092;4221973
" ";" ";"2011";111588992;67257740;3439374;12306029;22416210;6169639
" ";" ";"2012";124006348;55305284;z;26848764;z;30883478
" ";" ";"2013";80658660;21822386;429952;22398800;5552977;30454545
" ";" ";"2014";95608711;31899857;808280;30923537;4411785;27565251
" ";" ";"2015";77247708;30193307;492751;19357127;304726;26899798
" ";" ";"2016";91385787;35191381;1938757;16426126;575240;37254283
" ";" ";"2017";116730327;45898070;492974;25093091;238842;45007350
" ";"123 Trgovske stavbe in stavbe za storitvene dejavnosti"
" ";" ";"2010";315199532;273603546;5874734;23339360;8537208;3844683
" ";" ";"2011";136759632;107795580;1522723;8735508;11695910;7009912
" ";" ";"2012";122452961;93037506;z;14453341;z;14639713
" ";" ";"2013";70560904;44722176;z;11216556;z;13807478
" ";" ";"2014";55391907;29254237;236705;13013007;291083;12596875
" ";" ";"2015";80286654;43179839;2290398;18625716;346430;15844269
" ";" ";"2016";90373201;50438877;4811945;22809757;268590;12044033
" ";" ";"2017";129747199;85459899;3109514;25172136;829469;15176180
" ";"1230 Trgovske stavbe in stavbe za storitvene dejavnosti"
" ";" ";"2010";315199532;273603546;5874734;23339360;8537208;3844683
" ";" ";"2011";136759632;107795580;1522723;8735508;11695910;7009912
" ";" ";"2012";122452961;93037506;z;14453341;z;14639713
" ";" ";"2013";70560904;44722176;z;11216556;z;13807478
" ";" ";"2014";55391907;29254237;236705;13013007;291083;12596875
" ";" ";"2015";80286654;43179839;2290398;18625716;346430;15844269
" ";" ";"2016";90373201;50438877;4811945;22809757;268590;12044033
" ";" ";"2017";129747199;85459899;3109514;25172136;829469;15176180
" ";"124 Stavbe za promet in stavbe za izvajanje komunikacij"
" ";" ";"2010";107329234;97485718;z;z;z;5187627
" ";" ";"2011";32074485;z;z;984857;2073118;z
" ";" ";"2012";13560094;4812661;z;z;-;6596690
" ";" ";"2013";8112864;z;-;z;z;5327280
" ";" ";"2014";10158544;z;21260;378358;z;5310558
" ";" ";"2015";9972751;4283609;z;804913;z;4833877
" ";" ";"2016";7077108;3371364;z;109198;z;3515267
" ";" ";"2017";8971889;4341451;z;z;-;z
" ";"1241 Postajna poslopja, terminali, stavbe za izvajanje komunikacij ter z njimi povezane stavbe"
" ";" ";"2010";16680871;8659068;z;z;1425515;5187627
" ";" ";"2011";15305364;7479144;-;z;z;4956211
" ";" ";"2012";9707355;1843726;-;1338204;-;6525425
" ";" ";"2013";6719046;z;-;z;z;5157623
" ";" ";"2014";5461918;z;-;z;z;4659042
" ";" ";"2015";5987349;1281269;z;z;z;4308719
" ";" ";"2016";3376728;221916;-;20928;-;3133884
" ";" ";"2017";4881187;z;z;z;-;z
" ";"1242 Garažne stavbe"
" ";" ";"2010";90648363;88826650;z;z;z;-
" ";" ";"2011";16769121;z;z;z;z;z
" ";" ";"2012";3852739;2968935;z;z;-;71265
" ";" ";"2013";1393818;1157184;-;66976;-;169657
" ";" ";"2014";4696626;z;21260;z;-;651516
" ";" ";"2015";3985402;3002340;z;z;-;525158
" ";" ";"2016";3700380;3149448;z;88270;z;381384
" ";" ";"2017";4090702;z;z;175121;-;z
" ";"125 Industrijske stavbe in skladišèa"
" ";" ";"2010";93563137;62729723;4536926;5364220;13434502;7497766
" ";" ";"2011";111377651;74913019;919364;16440318;14954783;4150168
" ";" ";"2012";110771135;79197132;z;z;487460;19716800
" ";" ";"2013";121978841;91104970;z;10622295;790690;z
" ";" ";"2014";z;61724615;692799;5670226;613457;z
" ";" ";"2015";109447319;65823934;5276404;17263484;399356;20684141
" ";" ";"2016";127249059;84704833;2888240;9624346;2922612;27109027
" ";" ";"2017";199537568;z;6041166;16126322;510654;z
" ";"1251 Industrijske stavbe"
" ";" ";"2010";85505801;56589455;3776752;5160516;12604309;7374770
" ";" ";"2011";106211311;72335763;z;z;12804340;3939923
" ";" ";"2012";106146911;76429349;z;z;487460;18852991
" ";" ";"2013";115969077;85913853;z;z;790690;17976641
" ";" ";"2014";81950957;58094482;692799;z;z;z
" ";" ";"2015";96556028;56451396;5129089;14294108;399356;20282078
" ";" ";"2016";119451318;78730507;z;8589920;z;26492638
" ";" ";"2017";181655605;123954933;5246635;15091415;510654;36851967
" ";"1252 Rezervoarji, silosi in skladišèa"
" ";" ";"2010";8057336;6140268;760174;203704;830193;122996
" ";" ";"2011";5166340;2577255;z;z;2150443;210245
" ";" ";"2012";4624224;2767782;z;z;-;863809
" ";" ";"2013";6009765;5191118;z;z;-;z
" ";" ";"2014";z;3630133;-;z;z;z
" ";" ";"2015";12891290;9372538;147315;2969375;-;402063
" ";" ";"2016";7797740;5974326;z;1034426;z;616389
" ";" ";"2017";17881963;z;794531;1034908;-;z
" ";"126 Stavbe splošnega družbenega pomena"
" ";" ";"2010";250791839;182565940;9333157;35523427;21951646;1417668
" ";" ";"2011";190789284;113553182;9165768;30861980;31746157;5462199
" ";" ";"2012";178092684;105359901;1775365;34356253;200078;36401087
" ";" ";"2013";176983071;z;6084557;35636669;4869747;z
" ";" ";"2014";z;z;7357749;z;4755320;41344243
" ";" ";"2015";147644575;80245819;3979535;39623060;782634;23013527
" ";" ";"2016";73243342;26164933;5380969;21259966;674400;19763074
" ";" ";"2017";107878286;z;z;z;1044237;30833660
" ";"1261 Stavbe za kulturo in razvedrilo"
" ";" ";"2010";20680699;5999386;z;z;4016512;29592
" ";" ";"2011";21251767;5158695;z;z;5090809;813202
" ";" ";"2012";12433077;6117004;z;4583007;z;1649043
" ";" ";"2013";12677893;5757443;z;5415245;z;z
" ";" ";"2014";20886954;7944933;z;10107720;z;1622987
" ";" ";"2015";15383941;4441894;-;6970050;-;3971997
" ";" ";"2016";5394497;z;-;567873;z;4380610
" ";" ";"2017";14037118;6347559;-;2514371;-;5175188
" ";"1262 Muzeji in knjižnice"
" ";" ";"2010";z;1430351;-;z;1766741;95823
" ";" ";"2011";7421561;2590143;z;z;2275932;26009
" ";" ";"2012";9546771;z;z;8606973;z;685711
" ";" ";"2013";999672;-;-;732491;-;267181
" ";" ";"2014";5052342;z;-;2324971;z;1718580
" ";" ";"2015";3336344;324906;-;2015033;196067;800338
" ";" ";"2016";1424656;z;-;905259;z;190516
" ";" ";"2017";2504883;z;-;z;z;695258
" ";"1263 Stavbe za izobraževanje in znanstvenoraziskovalno delo"
" ";" ";"2010";z;38661070;z;z;10188991;800038
" ";" ";"2011";102969394;69666369;4501176;12379591;13522012;2900246
" ";" ";"2012";94181611;70028280;z;8250049;z;14991396
" ";" ";"2013";134033727;82506582;5057032;23058508;3865440;19546164
" ";" ";"2014";112993288;44788814;6883593;24805565;3211585;33303732
" ";" ";"2015";58240881;19905251;3688008;21660840;461829;12524952
" ";" ";"2016";41456090;13872988;4812857;13279242;121440;9369564
" ";" ";"2017";57318667;23035483;4803864;13220576;351064;15907680
" ";"1264 Stavbe za zdravstveno oskrbo"
" ";" ";"2010";27302874;11896729;z;z;5945638;489888
" ";" ";"2011";33503281;14904621;z;z;9276798;1670448
" ";" ";"2012";44416518;18629367;z;6820511;z;18093509
" ";" ";"2013";21800517;9865985;z;4835786;z;6690926
" ";" ";"2014";z;10243741;z;5278157;z;3839569
" ";" ";"2015";49408821;36103060;z;8198900;z;4986224
" ";" ";"2016";19505750;z;z;5276894;z;4995758
" ";" ";"2017";22235903;6530388;z;8368358;z;6630181
" ";"1265 Stavbe za šport"
" ";" ";"2010";129817121;124578405;z;z;33765;2327
" ";" ";"2011";25643281;21233354;1824956;952071;1580605;52295
" ";" ";"2012";17514707;z;z;6095713;-;981429
" ";" ";"2013";7471262;z;-;1594640;z;662298
" ";" ";"2014";z;3445717;-;z;z;859376
" ";" ";"2015";21274589;19470708;z;778237;z;730015
" ";" ";"2016";5462349;z;z;1230698;-;826627
" ";" ";"2017";11781715;8882140;12061;462162;-;2425353
" ";"127 Druge nestanovanjske stavbe"
" ";" ";"2010";42385568;21368969;686384;13226091;5226508;1877617
" ";" ";"2011";73231037;47423213;1290705;5777338;15020254;3719527
" ";" ";"2012";29475295;10798062;z;7818162;z;8553074
" ";" ";"2013";32368934;16060405;718060;6767240;1474293;7348936
" ";" ";"2014";32112451;21046273;300597;3696506;743629;6325445
" ";" ";"2015";35851863;15242170;z;9717483;z;z
" ";" ";"2016";42577400;23497640;z;12948062;z;4902524
" ";" ";"2017";44330749;22587082;1559861;7731247;117785;12334774
" ";"1271 Nestanovanjske kmetijske stavbe"
" ";" ";"2010";5947095;4720556;z;889721;z;z
" ";" ";"2011";4310585;2513485;z;413398;z;324297
" ";" ";"2012";8975157;7343506;z;824454;z;717649
" ";" ";"2013";9029066;7085802;z;z;-;959916
" ";" ";"2014";10855904;9400658;180249;z;z;743367
" ";" ";"2015";6153148;3761162;z;1376891;z;z
" ";" ";"2016";7117729;5150707;23732;1299820;124348;519123
" ";" ";"2017";18038393;12728199;194375;949139;-;4166680
" ";"1272 Obredne stavbe"
" ";" ";"2010";4731242;1052597;z;1839166;z;194567
" ";" ";"2011";6222369;1055438;z;2006928;z;50878
" ";" ";"2012";4525045;z;-;1762469;z;1607114
" ";" ";"2013";7028192;1346469;z;2325885;z;2690858
" ";" ";"2014";4709469;z;z;1355726;z;1871493
" ";" ";"2015";6819876;678664;177614;3842652;468338;1652608
" ";" ";"2016";15277779;11315268;151148;2285772;109090;1416501
" ";" ";"2017";7652872;3511056;z;1896502;z;1798531
" ";"1273 Kulturna dedišèina, ki se ne uporablja v druge namene"
" ";" ";"2010";2644317;164243;-;1912659;z;z
" ";" ";"2011";7858556;1189589;-;1571385;4991126;106456
" ";" ";"2012";5326074;z;-;3479737;z;643770
" ";" ";"2013";2651924;891805;-;458150;1244841;57128
" ";" ";"2014";1299330;z;-;z;z;90914
" ";" ";"2015";5241020;556998;-;1801729;2734841;147452
" ";" ";"2016";620204;336719;-;113803;z;z
" ";" ";"2017";2276458;1307274;-;631302;45747;292135
" ";"1274 Druge stavbe, ki niso uvršèene drugje"
" ";" ";"2010";29062914;15431573;z;8584545;z;1456938
" ";" ";"2011";54839527;42664701;z;1785626;z;3237897
" ";" ";"2012";10649019;z;451804;1751502;z;5584540
" ";" ";"2013";13659752;6736329;147036;z;z;3641033
" ";" ";"2014";15247748;9805207;z;1777411;z;3619671
" ";" ";"2015";17637819;10245347;z;2696211;z;3391843
" ";" ";"2016";19561688;6694947;z;9248666;z;z
" ";" ";"2017";16363026;5040553;z;4254304;z;6077429
" ";"2 GRADBENI INŽENIRSKI OBJEKTI"
" ";" ";"2010";1312945840;714634641;3284191;217251118;169017510;208758381
" ";" ";"2011";1084864150;480535723;4760949;182734931;227184459;189648089
" ";" ";"2012";913165854;456394532;1850185;216404152;-;238516985
" ";" ";"2013";957316683;399726471;6173928;244065062;-;307351222
" ";" ";"2014";1268808934;581622441;6188063;292221361;-;388777070
" ";" ";"2015";1153587905;459641916;6113334;292813192;-;395019464
" ";" ";"2016";866796231;377491719;2421041;208980694;-;277902778
" ";" ";"2017";988721278;454269582;5970833;244148257;-;284332606
" ";"21 Objekti prometne infrastrukture"
" ";" ";"2010";789934587;z;z;165915249;z;179715466
" ";" ";"2011";628017284;129521771;z;138758355;192501975;z
" ";" ";"2012";473419599;137031770;594390;159909768;-;175883670
" ";" ";"2013";506987507;86313032;3282278;183580847;-;233811350
" ";" ";"2014";658956433;z;z;197563812;-;291723970
" ";" ";"2015";679309534;155227444;5415440;194500827;-;324165823
" ";" ";"2016";491196950;132358497;676941;141048672;-;217112840
" ";" ";"2017";558825079;152253192;2635832;176829509;-;227106545
" ";"211 Ceste"
" ";" ";"2010";530339357;228415140;z;90375843;z;119866671
" ";" ";"2011";380343954;84837781;z;z;z;z
" ";" ";"2012";277287380;68235848;z;z;-;100362487
" ";" ";"2013";z;73972605;z;z;-;147859427
" ";" ";"2014";332034766;z;z;74089503;-;186491898
" ";" ";"2015";366795014;77510831;5415440;79797423;-;204071321
" ";" ";"2016";361958274;91341062;595262;119759315;-;150262635
" ";" ";"2017";391282089;z;z;z;-;149563931
" ";"2111 Avtoceste, hitre ceste, glavne ceste in regionalne ceste"
" ";" ";"2010";226063519;149383392;-;28098275;20664055;27917797
" ";" ";"2011";120588782;37536268;-;29009452;16322971;37720090
" ";" ";"2012";85199651;29206699;z;z;-;28335154
" ";" ";"2013";z;19739941;z;z;-;50973220
" ";" ";"2014";100208476;23091469;z;21564464;-;z
" ";" ";"2015";149187930;37255259;z;z;-;74284149
" ";" ";"2016";219679108;69423882;-;74526801;-;75728424
" ";" ";"2017";240157570;82696891;1533878;76275249;-;79651552
" ";"2112 Lokalne ceste in javne poti, nekategorizirane ceste in gozdne ceste"
" ";" ";"2010";304275838;79031748;z;62277569;z;91948874
" ";" ";"2011";259755173;47301513;z;z;z;z
" ";" ";"2012";192087729;39029150;z;z;-;72027333
" ";" ";"2013";195311716;54232665;1612948;42579897;-;96886207
" ";" ";"2014";231826290;z;z;52525038;-;z
" ";" ";"2015";217607084;40255572;z;z;-;129787172
" ";" ";"2016";142279166;21917179;595262;45232514;-;74534210
" ";" ";"2017";151124519;z;z;z;-;69912379
" ";"212 Železniške proge"
" ";" ";"2010";162945572;z;-;z;38406346;52943240
" ";" ";"2011";178213470;750018;-;z;63625727;z
" ";" ";"2012";109969008;z;-;z;-;61722083
" ";" ";"2013";163111943;2382373;-;97224128;-;63505442
" ";" ";"2014";228891189;z;z;112889248;-;z
" ";" ";"2015";243879362;36867746;-;102515266;-;104496350
" ";" ";"2016";68818497;5012459;-;7557856;-;56248183
" ";" ";"2017";98790602;12491620;-;32791106;-;53507875
" ";"2121 Glavne in regionalne železniške proge"
" ";" ";"2010";z;z;-;z;38406346;52943240
" ";" ";"2011";178213470;750018;-;z;63625727;z
" ";" ";"2012";109841694;-;-;z;-;z
" ";" ";"2013";163111943;2382373;-;97224128;-;63505442
" ";" ";"2014";228702003;z;z;112889248;-;z
" ";" ";"2015";z;36867746;-;102515266;-;z
" ";" ";"2016";68779296;5012459;-;7557856;-;56208982
" ";" ";"2017";98525594;12491620;-;z;-;z
" ";"2122 Mestne železniške proge"
" ";" ";"2010";z;z;-;z;-;-
" ";" ";"2011";-;-;-;-;-;-
" ";" ";"2012";127315;z;-;z;-;z
" ";" ";"2013";-;-;-;-;-;-
" ";" ";"2014";189186;z;-;-;-;z
" ";" ";"2015";z;-;-;-;-;z
" ";" ";"2016";39201;-;-;-;-;39201
" ";" ";"2017";265008;-;-;z;-;z
" ";"213 Letališke steze"
" ";" ";"2010";z;z;-;-;z;-
" ";" ";"2011";931666;485049;-;-;z;z
" ";" ";"2012";4637693;z;-;-;-;z
" ";" ";"2013";z;z;-;-;-;z
" ";" ";"2014";z;z;-;2692599;-;1175379
" ";" ";"2015";2747125;1408902;-;582329;-;755894
" ";" ";"2016";483386;z;-;41235;-;z
" ";" ";"2017";4724542;-;-;z;-;z
" ";"2130 Letališke steze"
" ";" ";"2010";z;z;-;-;z;-
" ";" ";"2011";931666;485049;-;-;z;z
" ";" ";"2012";4637693;z;-;-;-;z
" ";" ";"2013";z;z;-;-;-;z
" ";" ";"2014";z;z;-;2692599;-;1175379
" ";" ";"2015";2747125;1408902;-;582329;-;755894
" ";" ";"2016";483386;z;-;41235;-;z
" ";" ";"2017";4724542;-;-;z;-;z
" ";"214 Mostovi, viadukti, predori in podhodi"
" ";" ";"2010";54056997;42543061;-;6206875;3631146;1675914
" ";" ";"2011";41755674;35140617;-;2889421;2302538;1423098
" ";" ";"2012";61208805;z;z;z;-;4791218
" ";" ";"2013";z;6300277;z;3112717;-;z
" ";" ";"2014";38931393;22568242;-;3614237;-;12748913
" ";" ";"2015";32642151;18712504;-;6105858;-;7823790
" ";" ";"2016";11394078;z;z;4673691;-;z
" ";" ";"2017";21920948;z;-;9585614;-;z
" ";"2141 Mostovi in viadukti"
" ";" ";"2010";31046891;21273671;-;z;z;1140967
" ";" ";"2011";25190440;19269515;-;z;z;z
" ";" ";"2012";34978333;z;z;z;-;3159462
" ";" ";"2013";22092283;6300277;-;z;-;z
" ";" ";"2014";29397522;15991965;-;z;-;z
" ";" ";"2015";21374601;14372833;-;2711867;-;4289900
" ";" ";"2016";8104376;z;z;3571501;-;z
" ";" ";"2017";16602464;4624396;-;8530346;-;3447722
" ";"2142 Predori in podhodi"
" ";" ";"2010";23010106;21269390;-;z;z;534948
" ";" ";"2011";16565234;15871103;-;z;z;z
" ";" ";"2012";26230472;z;-;z;-;1631756
" ";" ";"2013";z;-;z;z;-;475314
" ";" ";"2014";9533871;6576277;-;z;-;z
" ";" ";"2015";11267551;4339670;-;3393991;-;3533889
" ";" ";"2016";3289703;1140625;-;1102190;-;1046888
" ";" ";"2017";5318484;z;-;1055269;-;z
" ";"215 Pristanišèa, plovni kanali, jezovi in vodne pregrade ter drugi vodni objekti"
" ";" ";"2010";z;z;z;z;13890874;5229641
" ";" ";"2011";26772519;8308305;-;4686247;10028978;3748989
" ";" ";"2012";20316713;z;-;z;-;8790178
" ";" ";"2013";z;z;-;z;-;z
" ";" ";"2014";z;z;-;4278225;-;z
" ";" ";"2015";33245882;20727462;-;5499951;-;7018469
" ";" ";"2016";48279250;32063300;z;9016575;-;z
" ";" ";"2017";42106899;19965290;z;z;-;18573044
" ";"2151 Pristanišèa in plovni kanali"
" ";" ";"2010";10501819;5291581;-;3565281;z;z
" ";" ";"2011";5682690;z;-;z;z;z
" ";" ";"2012";937745;-;-;z;-;z
" ";" ";"2013";z;-;-;-;-;z
" ";" ";"2014";14870256;z;-;-;-;z
" ";" ";"2015";4063440;z;-;z;-;z
" ";" ";"2016";11171752;13285;-;8473019;-;2685448
" ";" ";"2017";5880292;z;-;2755297;-;z
" ";"2152 Jezovi, vodne pregrade in drugi vodni objekti"
" ";" ";"2010";z;z;z;z;11899625;4247556
" ";" ";"2011";19996951;6735553;-;1257377;8593046;3410976
" ";" ";"2012";17931955;z;-;z;-;7848326
" ";" ";"2013";z;z;-;z;-;7265468
" ";" ";"2014";31942549;21870281;-;4278225;-;5794043
" ";" ";"2015";28733955;18077234;-;z;-;z
" ";" ";"2016";36975143;31991179;z;z;-;z
" ";" ";"2017";35582707;19317879;z;z;-;15451560
" ";"2153 Sistemi za namakanje in osuševanje, akvadukti"
" ";" ";"2010";4164012;1957200;-;878435;z;z
" ";" ";"2011";1092878;z;-;z;z;z
" ";" ";"2012";1447013;z;-;-;-;z
" ";" ";"2013";154857;z;-;-;-;z
" ";" ";"2014";z;z;-;-;-;z
" ";" ";"2015";448487;z;-;z;-;z
" ";" ";"2016";132356;58837;-;z;-;z
" ";" ";"2017";643900;z;-;-;-;z
" ";"22 Cevovodi, komunikacijska omrežja in elektroenergetski vodi"
" ";" ";"2010";300458838;z;z;27497599;z;13287228
" ";" ";"2011";298921776;240768185;z;z;13063263;z
" ";" ";"2012";z;z;z;32022672;-;31094313
" ";" ";"2013";316270449;243167121;z;z;-;z
" ";" ";"2014";472244825;340043888;z;z;-;z
" ";" ";"2015";365582082;248071919;61270;81517170;-;35931723
" ";" ";"2016";268669146;193995343;602634;47336444;-;26734725
" ";" ";"2017";333837565;254952471;1375117;50069200;-;27440777
" ";"221 Daljinski cevovodi, daljinska [hrbtenièna] komunikacijska omrežja in daljinski [prenosni] elektroenergetski vodi"
" ";" ";"2010";z;z;z;2508662;z;z
" ";" ";"2011";104423967;94565251;z;5020569;z;z
" ";" ";"2012";69253232;z;z;5673083;-;3283751
" ";" ";"2013";z;z;z;z;-;1904669
" ";" ";"2014";z;z;-;z;-;z
" ";" ";"2015";45281029;35958341;z;5084604;-;z
" ";" ";"2016";42751493;33827542;-;4815503;-;4108448
" ";" ";"2017";47398619;36857216;z;5161279;-;z
" ";"2211 Naftovodi in daljinski [prenosni] plinovodi"
" ";" ";"2010";42721887;z;-;-;z;-
" ";" ";"2011";76126624;z;-;z;-;z
" ";" ";"2012";39298014;37984705;-;z;-;z
" ";" ";"2013";z;z;-;-;-;-
" ";" ";"2014";29213877;28937712;-;-;-;276165
" ";" ";"2015";262781;z;-;-;-;z
" ";" ";"2016";1513412;1065435;-;-;-;447977
" ";" ";"2017";9445406;z;-;z;-;z
" ";"2212 Daljinski vodovodi"
" ";" ";"2010";6801968;5970656;z;-;-;z
" ";" ";"2011";10910842;z;z;z;z;z
" ";" ";"2012";5452192;5234890;-;z;-;z
" ";" ";"2013";z;15725709;-;z;-;z
" ";" ";"2014";z;z;-;z;-;z
" ";" ";"2015";26895448;21813125;z;2264402;-;z
" ";" ";"2016";16873255;14602304;-;1885804;-;385146
" ";" ";"2017";19973840;16483172;-;2586507;-;904161
" ";"2213 Daljinska [hrbtenièna] komunikacijska omrežja"
" ";" ";"2010";13855312;12886497;-;z;z;z
" ";" ";"2011";7018581;z;-;-;z;z
" ";" ";"2012";12215299;11916566;z;-;-;z
" ";" ";"2013";10309184;z;-;-;-;z
" ";" ";"2014";18770253;18526288;-;z;-;z
" ";" ";"2015";3624309;z;-;-;-;z
" ";" ";"2016";4079648;3713095;-;-;-;366553
" ";" ";"2017";2403893;z;z;z;-;-
" ";"2214 Daljinski [prenosni] elektroenergetski vodi"
" ";" ";"2010";z;z;-;z;z;z
" ";" ";"2011";10367920;z;-;z;z;z
" ";" ";"2012";12287727;z;-;z;-;1494766
" ";" ";"2013";20163964;11334426;z;z;-;z
" ";" ";"2014";22173402;11804051;-;4937920;-;5431430
" ";" ";"2015";14498492;10384406;z;2820202;-;z
" ";" ";"2016";20285178;14446708;-;2929698;-;2908772
" ";" ";"2017";15575480;10552328;-;1578061;-;3445091
" ";"222 Lokalni cevovodi, lokalni [distribucijski] elektroenergetski vodi in lokalna [dostopovna] komunikacijska omrežja"
" ";" ";"2010";z;184505648;z;24988937;z;z
" ";" ";"2011";194497809;146202933;z;z;z;z
" ";" ";"2012";z;z;z;26349589;-;27810562
" ";" ";"2013";z;z;z;z;-;z
" ";" ";"2014";z;z;z;z;-;z
" ";" ";"2015";320301053;212113578;z;76432565;-;z
" ";" ";"2016";225917652;160167800;602634;42520941;-;22626277
" ";" ";"2017";286438946;218095255;z;44907921;-;z
" ";"2221 Lokalni [distribucijski] plinovodi"
" ";" ";"2010";12907036;z;-;z;-;-
" ";" ";"2011";3637057;z;-;z;z;-
" ";" ";"2012";9873523;z;-;z;-;673484
" ";" ";"2013";1385849;1068711;-;z;-;z
" ";" ";"2014";z;z;-;z;-;119875
" ";" ";"2015";2847956;2611880;-;41808;-;194268
" ";" ";"2016";2328354;1911851;-;147975;-;268528
" ";" ";"2017";2059473;544390;z;189874;-;z
" ";"2222 Lokalni vodovodi"
" ";" ";"2010";37865206;z;-;z;2219370;587314
" ";" ";"2011";35946148;23929426;-;7945763;2979885;1091075
" ";" ";"2012";z;z;-;5500866;-;8615886
" ";" ";"2013";z;z;z;7425013;-;2217706
" ";" ";"2014";97959726;64444086;z;z;-;z
" ";" ";"2015";55038762;29540879;-;13728273;-;11769610
" ";" ";"2016";46079535;29656665;431011;9874982;-;6116877
" ";" ";"2017";92384710;72080511;27862;15575127;-;4701211
" ";"2223 Cevovodi za odpadno vodo"
" ";" ";"2010";z;64926507;z;5059135;z;z
" ";" ";"2011";54616329;z;z;z;z;z
" ";" ";"2012";62804774;59394054;z;z;-;2346476
" ";" ";"2013";88558560;80042031;-;7447408;-;1069121
" ";" ";"2014";159397931;136035458;2609676;9426376;-;11326421
" ";" ";"2015";162700294;115898928;19995;42604544;-;4176826
" ";" ";"2016";59435327;47306227;z;10299619;-;z
" ";" ";"2017";44354426;34327523;-;6731501;-;3295402
" ";"2224 Lokalni [distribucijski] elektroenergetski vodi in lokalna [dostopovna] komunikacijska omrežja"
" ";" ";"2010";106006432;75912051;-;15631334;2521304;11941743
" ";" ";"2011";100298275;69776070;-;15211977;3149361;12160866
" ";" ";"2012";108075657;z;z;15121702;-;16174717
" ";" ";"2013";95631645;52883478;z;z;-;z
" ";" ";"2014";123285333;60239793;z;z;-;z
" ";" ";"2015";99714041;64061891;z;20057940;-;z
" ";" ";"2016";118074436;81293056;z;22198365;-;z
" ";" ";"2017";147640337;111142831;55096;22411419;-;14030990
" ";"23 Industrijski gradbeni kompleksi"
" ";" ";"2010";96540024;79881049;-;10240942;1879389;4538644
" ";" ";"2011";107152953;83489998;z;z;12640749;z
" ";" ";"2012";83188043;z;z;19369940;-;16015318
" ";" ";"2013";59782758;z;z;6187304;-;z
" ";" ";"2014";z;36006065;z;9039904;-;z
" ";" ";"2015";41588414;16285988;421941;7355421;-;17525064
" ";" ";"2016";44137874;16556758;336453;6615574;-;20629088
" ";" ";"2017";50783992;24646740;659017;7936394;-;17541841
" ";"230 Industrijski gradbeni kompleksi"
" ";" ";"2010";96540024;79881049;-;10240942;1879389;4538644
" ";" ";"2011";107152953;83489998;z;z;12640749;z
" ";" ";"2012";83188043;z;z;19369940;-;16015318
" ";" ";"2013";59782758;z;z;6187304;-;z
" ";" ";"2014";z;36006065;z;9039904;-;z
" ";" ";"2015";41588414;16285988;421941;7355421;-;17525064
" ";" ";"2016";44137874;16556758;336453;6615574;-;20629088
" ";" ";"2017";50783992;24646740;659017;7936394;-;17541841
" ";"2301 Objekti za pridobivanje in izkorišèanje mineralnih surovin"
" ";" ";"2010";z;z;-;-;-;-
" ";" ";"2011";4981687;z;z;z;z;-
" ";" ";"2012";6321870;z;-;z;-;4359513
" ";" ";"2013";7777872;z;-;-;-;z
" ";" ";"2014";8254000;3144626;-;-;-;5109374
" ";" ";"2015";3387506;2033320;z;z;-;1344966
" ";" ";"2016";2870326;2556883;z;z;-;168682
" ";" ";"2017";1179680;z;-;z;-;z
" ";"2302 Elektrarne in drugi energetski objekti"
" ";" ";"2010";84498183;71388490;-;z;z;z
" ";" ";"2011";92505381;75487252;-;z;8951132;z
" ";" ";"2012";63192669;42566828;-;11461520;-;9164321
" ";" ";"2013";44616131;26171638;z;z;-;z
" ";" ";"2014";z;26238128;-;5253374;-;z
" ";" ";"2015";25132029;9648982;z;z;-;11870049
" ";" ";"2016";26470854;8945865;-;795365;-;16729624
" ";" ";"2017";25974923;12235403;-;1621572;-;12117947
" ";"2303 Objekti kemiène industrije"
" ";" ";"2010";z;z;-;z;z;z
" ";" ";"2011";1568153;z;-;z;z;z
" ";" ";"2012";3116598;z;-;z;-;280379
" ";" ";"2013";748235;z;-;-;-;z
" ";" ";"2014";z;-;-;z;-;65487
" ";" ";"2015";2212845;-;z;z;-;616971
" ";" ";"2016";2390162;-;z;z;-;2225762
" ";" ";"2017";7518559;z;72736;z;-;1856123
" ";"2304 Drugi industrijski gradbeni kompleksi, ki niso uvršèeni drugje"
" ";" ";"2010";z;8083227;-;z;z;z
" ";" ";"2011";8097732;5869322;-;z;z;z
" ";" ";"2012";10556907;z;z;4993972;-;2211106
" ";" ";"2013";6640521;4814744;z;z;-;z
" ";" ";"2014";z;6623312;z;z;-;1489591
" ";" ";"2015";10856035;4603687;z;z;-;3693077
" ";" ";"2016";12406531;5054010;212730;5634771;-;1505021
" ";" ";"2017";16110830;z;586281;5016500;-;z
" ";"24 Drugi gradbeni inženirski objekti"
" ";" ";"2010";126012391;88418006;2230441;13597327;10549573;11217044
" ";" ";"2011";50772137;26755770;1150224;7977830;8978472;5909841
" ";" ";"2012";z;z;1220359;5101771;-;15523684
" ";" ";"2013";74275969;z;252865;z;-;24289608
" ";" ";"2014";z;z;514437;z;-;20284000
" ";" ";"2015";67107875;40056565;214683;9439773;-;17396854
" ";" ";"2016";62792262;34581121;805013;13980004;-;13426125
" ";" ";"2017";45274642;22417178;1300867;9313153;-;12243443
" ";"241 Objekti za šport, rekreacijo in prosti èas"
" ";" ";"2010";62279512;53521176;z;7142194;569796;z
" ";" ";"2011";14102210;10673604;-;2010333;1365680;52593
" ";" ";"2012";6978664;z;z;723277;-;1000366
" ";" ";"2013";11581598;z;-;z;-;2292179
" ";" ";"2014";z;z;z;z;-;1051712
" ";" ";"2015";10037242;6315167;63652;2899521;-;758902
" ";" ";"2016";9099868;3260992;148136;5219663;-;471076
" ";" ";"2017";11286921;7300969;610877;2728734;-;646342
" ";"2411 Športna igrišèa"
" ";" ";"2010";51260482;47073192;z;z;71068;z
" ";" ";"2011";6030706;4530224;-;488163;z;z
" ";" ";"2012";3105012;1628317;-;578270;-;898424
" ";" ";"2013";4099679;z;-;z;-;1393914
" ";" ";"2014";4586309;z;-;z;-;216671
" ";" ";"2015";3623268;740278;z;2345204;-;z
" ";" ";"2016";2734680;1486419;z;887416;-;z
" ";" ";"2017";7260038;5468524;z;849154;-;z
" ";"2412 Drugi gradbeni inženirski objekti za šport, rekreacijo in prosti èas"
" ";" ";"2010";11019030;6447984;z;z;498728;z
" ";" ";"2011";8071503;6143379;-;1522169;z;z
" ";" ";"2012";3873652;z;z;145007;-;101942
" ";" ";"2013";7481919;6258833;-;324822;-;898264
" ";" ";"2014";z;4250809;z;3147166;-;835040
" ";" ";"2015";6413974;5574889;z;554317;-;z
" ";" ";"2016";6365188;1774573;z;4332247;-;z
" ";" ";"2017";4026884;1832445;z;1879579;-;z
" ";"242 Drugi gradbeni inženirski objekti"
" ";" ";"2010";63732880;34896830;z;6455133;9979777;z
" ";" ";"2011";36669927;16082166;1150224;5967497;7612792;5857248
" ";" ";"2012";z;z;z;4378494;-;14523318
" ";" ";"2013";62694370;27979927;252865;12464149;-;21997429
" ";" ";"2014";66640209;32164985;z;z;-;19232289
" ";" ";"2015";57070633;33741397;151031;6540252;-;16637952
" ";" ";"2016";53692395;31320128;656877;8760341;-;12955048
" ";" ";"2017";33987721;15116209;689990;6584420;-;11597102
" ";"2420 Drugi gradbeni inženirski objekti"
" ";" ";"2010";63732880;34896830;z;6455133;9979777;z
" ";" ";"2011";36669927;16082166;1150224;5967497;7612792;5857248
" ";" ";"2012";z;z;z;4378494;-;14523318
" ";" ";"2013";62694370;27979927;252865;12464149;-;21997429
" ";" ";"2014";66640209;32164985;z;z;-;19232289
" ";" ";"2015";57070633;33741397;151031;6540252;-;16637952
" ";" ";"2016";53692395;31320128;656877;8760341;-;12955048
" ";" ";"2017";33987721;15116209;689990;6584420;-;11597102
"Pravna oseba"
" ";"CC_SI - SKUPAJ"
" ";" ";"2010";2448079119;1610146731;24993588;326595171;241601152;244742478
" ";" ";"2011";1927261829;1072765984;22408331;270052916;337475223;224559375
" ";" ";"2012";1616440466;883277367;13607959;323390629;12977063;383187447
" ";" ";"2013";1549841700;730039512;14071617;344748442;15195711;445786418
" ";" ";"2014";1792779058;837401638;15424193;393681126;12723064;533549037
" ";" ";"2015";1729072617;766146381;20621087;404933090;5687336;531684724
" ";" ";"2016";1430994542;665030664;18283550;311880554;6148952;429650822
" ";" ";"2017";1773500134;918127893;22320472;362671229;3871226;466509314
" ";"1 STAVBE"
" ";" ";"2010";1144842448;900179523;z;z;76391667;z
" ";" ";"2011";851410252;595463388;17647382;87711741;115237928;35349812
" ";" ";"2012";706028112;427964767;11757774;108302177;12977063;145026332
" ";" ";"2013";599650788;334389964;z;z;15195711;139593844
" ";" ";"2014";528138792;257361382;z;z;12723064;146404100
" ";" ";"2015";582082802;308577586;14507753;114373997;5687336;138936130
" ";" ";"2016";570339444;290935245;15862510;104302042;6148952;153090695
" ";" ";"2017";793820521;468443701;16368084;122225306;3871226;182912203
" ";"11 STANOVANJSKE STAVBE"
" ";" ";"2010";185135210;165329680;z;z;8901805;z
" ";" ";"2011";172016339;143415688;z;z;z;z
" ";" ";"2012";116754709;81985808;z;8500784;z;24233651
" ";" ";"2013";102531413;56781985;z;z;1678123;31117748
" ";" ";"2014";76900625;41193835;15187;z;z;30596140
" ";" ";"2015";111969327;62906769;z;8230572;z;40026829
" ";" ";"2016";110279877;51981368;466809;12809281;1458530;43563888
" ";" ";"2017";160187529;108643039;z;14305910;z;35935429
" ";"111 Enostanovanjske stavbe"
" ";" ";"2010";z;z;z;z;z;z
" ";" ";"2011";z;z;z;z;z;z
" ";" ";"2012";15372879;12202891;z;1141924;z;1892110
" ";" ";"2013";13746085;9201688;-;z;z;4087623
" ";" ";"2014";17846020;11449212;z;595874;z;5784575
" ";" ";"2015";12686678;6221172;z;1694613;z;4569197
" ";" ";"2016";17545228;12092654;30565;1401479;12556;4007974
" ";" ";"2017";28660118;22252247;47377;1178859;145722;5035914
" ";"1110 Enostanovanjske stavbe"
" ";" ";"2010";z;z;z;z;z;z
" ";" ";"2011";z;z;z;z;z;z
" ";" ";"2012";15372879;12202891;z;1141924;z;1892110
" ";" ";"2013";13746085;9201688;-;z;z;4087623
" ";" ";"2014";17846020;11449212;z;595874;z;5784575
" ";" ";"2015";12686678;6221172;z;1694613;z;4569197
" ";" ";"2016";17545228;12092654;30565;1401479;12556;4007974
" ";" ";"2017";28660118;22252247;47377;1178859;145722;5035914
" ";"112 Veèstanovanjske stavbe"
" ";" ";"2010";140176150;127602842;z;z;z;z
" ";" ";"2011";123818676;104002248;-;3973893;12995915;2846619
" ";" ";"2012";69852929;51114882;z;1644787;z;16692041
" ";" ";"2013";70773824;43142001;z;z;z;22810845
" ";" ";"2014";45113134;20835294;z;z;z;21622648
" ";" ";"2015";79631679;45394330;z;3563586;z;30109859
" ";" ";"2016";77200587;33812264;z;10034828;z;32314491
" ";" ";"2017";107693985;69918037;z;z;z;26967021
" ";"1121 Dvostanovanjske stavbe"
" ";" ";"2010";5731089;5147674;-;-;z;z
" ";" ";"2011";3517732;3324555;-;z;73861;z
" ";" ";"2012";2844113;2559539;-;36185;-;248389
" ";" ";"2013";4939458;3183248;z;z;-;1691439
" ";" ";"2014";1027913;780957;-;65670;-;181286
" ";" ";"2015";2159852;1633777;-;z;z;224965
" ";" ";"2016";3964565;2270291;-;597215;-;1097058
" ";" ";"2017";3628810;2901030;z;z;-;466998
" ";"1122 Tri- in veèstanovanjske stavbe"
" ";" ";"2010";134445061;122455168;z;z;z;z
" ";" ";"2011";120300944;100677694;-;z;12922055;z
" ";" ";"2012";67008816;48555343;z;1608602;z;16443652
" ";" ";"2013";65834367;39958753;-;z;z;21119405
" ";" ";"2014";44085221;20054338;z;z;z;21441362
" ";" ";"2015";77471827;43760552;z;z;z;29884894
" ";" ";"2016";73236022;31541973;z;9437613;z;31217432
" ";" ";"2017";104065175;67017007;z;z;z;26500023
" ";"113 Stanovanjske stavbe za posebne družbene skupine"
" ";" ";"2010";z;z;-;z;z;z
" ";" ";"2011";z;z;-;1176027;2350190;z
" ";" ";"2012";31528902;18668035;z;5714073;z;5649500
" ";" ";"2013";18011503;4438295;z;8131976;z;4219280
" ";" ";"2014";13941471;8909329;-;z;z;3188917
" ";" ";"2015";19650969;11291268;z;2972373;z;5347773
" ";" ";"2016";15534063;6076450;z;1372974;z;7241423
" ";" ";"2017";23833426;16472756;z;z;-;3932493
" ";"1130 Stanovanjske stavbe za posebne družbene skupine"
" ";" ";"2010";z;z;-;z;z;z
" ";" ";"2011";z;z;-;1176027;2350190;z
" ";" ";"2012";31528902;18668035;z;5714073;z;5649500
" ";" ";"2013";18011503;4438295;z;8131976;z;4219280
" ";" ";"2014";13941471;8909329;-;z;z;3188917
" ";" ";"2015";19650969;11291268;z;2972373;z;5347773
" ";" ";"2016";15534063;6076450;z;1372974;z;7241423
" ";" ";"2017";23833426;16472756;z;z;-;3932493
" ";"12 NESTANOVANJSKE STAVBE"
" ";" ";"2010";959707238;734849843;21917320;102536673;67489862;32913540
" ";" ";"2011";679393912;452047700;z;z;z;z
" ";" ";"2012";589273403;345978959;z;99801393;z;120792680
" ";" ";"2013";497119375;277607980;8000707;89517004;13517588;108476096
" ";" ";"2014";451238168;216167547;z;98275632;z;115807960
" ";" ";"2015";470113475;245670817;z;106143425;z;98909300
" ";" ";"2016";460059567;238953877;15395700;91492761;4690422;109526808
" ";" ";"2017";633632992;359800661;z;107919396;z;146976774
" ";"121 Gostinske stavbe"
" ";" ";"2010";78686302;z;z;z;z;z
" ";" ";"2011";35373594;z;z;z;z;z
" ";" ";"2012";18461215;3575142;4690183;z;z;z
" ";" ";"2013";15141510;z;z;z;z;6068969
" ";" ";"2014";16270818;7557370;19032;z;z;z
" ";" ";"2015";z;12584857;z;z;32626;z
" ";" ";"2016";36627335;21262758;z;9864549;z;5396925
" ";" ";"2017";47261802;30599171;145954;9824119;278330;6414228
" ";"1211 Hotelske in podobne gostinske stavbe"
" ";" ";"2010";z;z;z;z;z;z
" ";" ";"2011";34649002;z;z;z;z;z
" ";" ";"2012";z;z;4690183;z;z;z
" ";" ";"2013";14824630;z;z;z;z;z
" ";" ";"2014";z;z;19032;z;z;z
" ";" ";"2015";16971178;z;z;z;z;z
" ";" ";"2016";35040057;z;z;9533397;z;z
" ";" ";"2017";45113443;29124066;z;9572480;278330;z
" ";"1212 Druge gostinske stavbe za kratkotrajno nastanitev"
" ";" ";"2010";z;z;-;z;z;-
" ";" ";"2011";724593;z;-;z;z;z
" ";" ";"2012";z;z;-;z;-;726906
" ";" ";"2013";316880;47545;z;z;-;z
" ";" ";"2014";z;z;-;z;z;z
" ";" ";"2015";z;z;-;6571;z;z
" ";" ";"2016";1587278;z;-;331152;-;z
" ";" ";"2017";2148359;1475105;z;251639;-;z
" ";"122 Poslovne in upravne stavbe"
" ";" ";"2010";z;z;2235290;z;z;z
" ";" ";"2011";111144900;z;3439374;z;22201434;6169639
" ";" ";"2012";123445547;54981350;z;z;z;30813515
" ";" ";"2013";79496132;z;429952;z;5552977;z
" ";" ";"2014";94793699;z;808280;30846755;z;z
" ";" ";"2015";77088315;30135992;z;z;304726;26833983
" ";" ";"2016";89324612;z;z;16363913;575240;z
" ";" ";"2017";111444442;41305556;z;z;238842;44714784
" ";"1220 Poslovne in upravne stavbe"
" ";" ";"2010";z;z;2235290;z;z;z
" ";" ";"2011";111144900;z;3439374;z;22201434;6169639
" ";" ";"2012";123445547;54981350;z;z;z;30813515
" ";" ";"2013";79496132;z;429952;z;5552977;z
" ";" ";"2014";94793699;z;808280;30846755;z;z
" ";" ";"2015";77088315;30135992;z;z;304726;26833983
" ";" ";"2016";89324612;z;z;16363913;575240;z
" ";" ";"2017";111444442;41305556;z;z;238842;44714784
" ";"123 Trgovske stavbe in stavbe za storitvene dejavnosti"
" ";" ";"2010";z;z;z;z;8537208;3838588
" ";" ";"2011";z;107581786;1522723;8735508;z;z
" ";" ";"2012";120771826;91435571;z;14417783;z;14602745
" ";" ";"2013";69993237;44251737;z;z;z;z
" ";" ";"2014";55111086;29151917;z;12898594;291083;z
" ";" ";"2015";79252979;42714418;z;18179113;z;15819488
" ";" ";"2016";90180718;50341756;4811945;22783260;268590;11975167
" ";" ";"2017";129424893;85393095;2999103;25136023;829469;15067203
" ";"1230 Trgovske stavbe in stavbe za storitvene dejavnosti"
" ";" ";"2010";z;z;z;z;8537208;3838588
" ";" ";"2011";z;107581786;1522723;8735508;z;z
" ";" ";"2012";120771826;91435571;z;14417783;z;14602745
" ";" ";"2013";69993237;44251737;z;z;z;z
" ";" ";"2014";55111086;29151917;z;12898594;291083;z
" ";" ";"2015";79252979;42714418;z;18179113;z;15819488
" ";" ";"2016";90180718;50341756;4811945;22783260;268590;11975167
" ";" ";"2017";129424893;85393095;2999103;25136023;829469;15067203
" ";"124 Stavbe za promet in stavbe za izvajanje komunikacij"
" ";" ";"2010";106580676;z;z;z;z;5187627
" ";" ";"2011";z;22709345;-;984857;z;z
" ";" ";"2012";13064483;z;-;z;-;6566246
" ";" ";"2013";z;z;-;z;z;5305115
" ";" ";"2014";9145655;3507857;z;z;z;5259182
" ";" ";"2015";8507337;3297480;z;687707;z;4471798
" ";" ";"2016";5727275;2258777;32465;57365;-;3378668
" ";" ";"2017";z;z;z;z;-;4362236
" ";"1241 Postajna poslopja, terminali, stavbe za izvajanje komunikacij ter z njimi povezane stavbe"
" ";" ";"2010";16680871;8659068;z;z;1425515;5187627
" ";" ";"2011";15305364;7479144;-;z;z;4956211
" ";" ";"2012";9707355;1843726;-;1338204;-;6525425
" ";" ";"2013";6719046;z;-;z;z;5157623
" ";" ";"2014";5461918;z;-;z;z;4659042
" ";" ";"2015";5987349;1281269;z;z;z;4308719
" ";" ";"2016";3376728;221916;-;20928;-;3133884
" ";" ";"2017";4881187;z;z;z;-;z
" ";"1242 Garažne stavbe"
" ";" ";"2010";89899805;z;z;z;z;-
" ";" ";"2011";z;15230201;-;z;z;z
" ";" ";"2012";3357128;z;-;z;-;40821
" ";" ";"2013";z;z;-;z;-;147492
" ";" ";"2014";3683737;z;z;z;-;600140
" ";" ";"2015";2519988;2016211;z;z;-;163080
" ";" ";"2016";2350547;2036861;32465;36437;-;244785
" ";" ";"2017";z;1748210;-;137994;-;z
" ";"125 Industrijske stavbe in skladišèa"
" ";" ";"2010";91689591;61315261;z;z;z;7497766
" ";" ";"2011";109593490;73519476;919364;z;z;z
" ";" ";"2012";110629782;79074641;z;z;487460;z
" ";" ";"2013";121508055;z;644634;10622295;790690;z
" ";" ";"2014";z;61724615;692799;5670226;613457;z
" ";" ";"2015";108733776;65194960;z;z;399356;20624862
" ";" ";"2016";126690148;z;z;9624346;2922612;z
" ";" ";"2017";z;138837106;6041166;16126322;510654;z
" ";"1251 Industrijske stavbe"
" ";" ";"2010";84127298;55670036;z;z;z;7374770
" ";" ";"2011";104466935;z;z;z;z;z
" ";" ";"2012";z;z;z;z;487460;18852991
" ";" ";"2013";z;85913853;z;z;790690;17976641
" ";" ";"2014";81950957;58094482;692799;z;z;z
" ";" ";"2015";96342281;56311957;z;z;399356;z
" ";" ";"2016";119046535;z;z;8589920;z;26492638
" ";" ";"2017";181655605;123954933;5246635;15091415;510654;36851967
" ";"1252 Rezervoarji, silosi in skladišèa"
" ";" ";"2010";7562292;5645224;760174;203704;830193;122996
" ";" ";"2011";5126555;z;z;z;z;210245
" ";" ";"2012";z;z;z;z;-;z
" ";" ";"2013";z;z;z;z;-;z
" ";" ";"2014";z;3630133;-;z;z;474813
" ";" ";"2015";12391495;8883002;147315;z;-;z
" ";" ";"2016";7643613;z;z;1034426;z;z
" ";" ";"2017";z;14882172;794531;1034908;-;z
" ";"126 Stavbe splošnega družbenega pomena"
" ";" ";"2010";z;182565940;z;35523427;z;z
" ";" ";"2011";z;z;9165768;z;z;5462199
" ";" ";"2012";177750667;z;1775365;z;200078;36153851
" ";" ";"2013";z;z;6084557;35636669;4869747;z
" ";" ";"2014";z;z;7357749;z;4755320;41344243
" ";" ";"2015";z;80245819;z;z;782634;z
" ";" ";"2016";73101826;26164933;5380969;21130107;674400;19751417
" ";" ";"2017";107632976;z;z;24684841;1044237;z
" ";"1261 Stavbe za kulturo in razvedrilo"
" ";" ";"2010";20680699;5999386;z;z;4016512;29592
" ";" ";"2011";z;5158695;z;z;z;813202
" ";" ";"2012";z;6117004;z;4583007;z;z
" ";" ";"2013";12677893;5757443;z;5415245;z;z
" ";" ";"2014";20886954;7944933;z;10107720;z;1622987
" ";" ";"2015";15383941;4441894;-;6970050;-;3971997
" ";" ";"2016";5394497;z;-;567873;z;4380610
" ";" ";"2017";14010992;z;-;2514371;-;z
" ";"1262 Muzeji in knjižnice"
" ";" ";"2010";z;1430351;-;z;1766741;95823
" ";" ";"2011";7421561;2590143;z;z;2275932;26009
" ";" ";"2012";9546771;z;z;8606973;z;685711
" ";" ";"2013";999672;-;-;732491;-;267181
" ";" ";"2014";5052342;z;-;2324971;z;1718580
" ";" ";"2015";3336344;324906;-;2015033;196067;800338
" ";" ";"2016";1424656;z;-;905259;z;190516
" ";" ";"2017";2504883;z;-;z;z;695258
" ";"1263 Stavbe za izobraževanje in znanstvenoraziskovalno delo"
" ";" ";"2010";z;38661070;z;z;z;800038
" ";" ";"2011";102969394;69666369;4501176;12379591;13522012;2900246
" ";" ";"2012";93997160;z;z;z;z;z
" ";" ";"2013";134033727;82506582;5057032;23058508;3865440;19546164
" ";" ";"2014";112993288;44788814;6883593;24805565;3211585;33303732
" ";" ";"2015";z;19905251;3688008;21660840;461829;z
" ";" ";"2016";41403883;13872988;4812857;z;121440;z
" ";" ";"2017";57301767;23035483;4803864;13220576;351064;15890780
" ";"1264 Stavbe za zdravstveno oskrbo"
" ";" ";"2010";z;11896729;z;z;5945638;z
" ";" ";"2011";z;14904621;z;z;9276798;1670448
" ";" ";"2012";z;18629367;z;6820511;z;z
" ";" ";"2013";21800517;9865985;z;4835786;z;6690926
" ";" ";"2014";z;10243741;z;z;z;3839569
" ";" ";"2015";49408821;36103060;z;8198900;z;4986224
" ";" ";"2016";z;z;z;z;z;z
" ";" ";"2017";22033619;6530388;z;z;z;z
" ";"1265 Stavbe za šport"
" ";" ";"2010";129817121;124578405;z;z;33765;2327
" ";" ";"2011";z;z;1824956;952071;1580605;52295
" ";" ";"2012";z;z;z;z;-;981429
" ";" ";"2013";z;z;-;1594640;z;z
" ";" ";"2014";z;z;-;z;z;859376
" ";" ";"2015";21270127;19470708;z;z;z;730015
" ";" ";"2016";z;z;z;1230698;-;z
" ";" ";"2017";11781715;8882140;12061;462162;-;2425353
" ";"127 Druge nestanovanjske stavbe"
" ";" ";"2010";38966783;z;z;z;5049630;z
" ";" ";"2011";65767775;z;1290705;5463179;z;3644837
" ";" ";"2012";25149883;7159129;z;7632182;z;8311048
" ";" ";"2013";26584305;10998495;664543;6499478;1474293;6947496
" ";" ";"2014";25543481;15506031;z;z;z;5688058
" ";" ";"2015";30986391;11497293;z;9315364;z;5336752
" ";" ";"2016";38233756;20833751;z;11669221;z;z
" ";" ";"2017";31249419;14496907;1384885;z;z;8010235
" ";"1271 Nestanovanjske kmetijske stavbe"
" ";" ";"2010";z;z;-;z;z;z
" ";" ";"2011";z;z;z;176329;z;z
" ";" ";"2012";5081403;3823579;z;689668;z;z
" ";" ";"2013";3772082;2480387;z;625802;-;z
" ";" ";"2014";5457829;4838595;z;z;z;z
" ";" ";"2015";z;z;z;1291698;-;z
" ";" ";"2016";z;z;z;z;z;z
" ";" ";"2017";z;5401107;19399;z;-;z
" ";"1272 Obredne stavbe"
" ";" ";"2010";z;1052597;z;z;z;194567
" ";" ";"2011";z;1055438;z;2006928;z;z
" ";" ";"2012";4472206;z;-;z;z;z
" ";" ";"2013";7028192;1346469;z;2325885;z;2690858
" ";" ";"2014";z;z;z;1355726;z;z
" ";" ";"2015";6819876;678664;177614;3842652;468338;1652608
" ";" ";"2016";15272962;z;151148;z;109090;1416501
" ";" ";"2017";z;3511056;z;1896502;17738;z
" ";"1273 Kulturna dedišèina, ki se ne uporablja v druge namene"
" ";" ";"2010";z;164243;-;1912659;z;z
" ";" ";"2011";7858556;1189589;-;1571385;4991126;106456
" ";" ";"2012";5326074;z;-;3479737;z;643770
" ";" ";"2013";2651924;891805;-;458150;1244841;57128
" ";" ";"2014";z;z;-;z;z;90914
" ";" ";"2015";z;z;-;1801729;2734841;147452
" ";" ";"2016";z;336719;-;113803;z;z
" ";" ";"2017";2276458;1307274;-;631302;45747;292135
" ";"1274 Druge stavbe, ki niso uvršèene drugje"
" ";" ";"2010";28113171;z;z;z;z;z
" ";" ";"2011";50346057;42254947;z;1708536;z;3237897
" ";" ";"2012";10270200;z;z;z;z;5502130
" ";" ";"2013";13132106;6279834;z;3089641;z;z
" ";" ";"2014";14950441;9667495;z;z;z;3521556
" ";" ";"2015";16649081;9679237;z;2379284;z;z
" ";" ";"2016";19064601;6561592;z;8946473;z;z
" ";" ";"2017";14939269;4277471;z;4108438;z;5562619
" ";"2 GRADBENI INŽENIRSKI OBJEKTI"
" ";" ";"2010";1303236671;709967208;z;z;165209484;z
" ";" ";"2011";1075851578;477302596;4760949;182341175;222237295;189209563
" ";" ";"2012";910412353;455312600;1850185;215088452;-;238161115
" ";" ";"2013";950190912;395649548;z;z;-;306192573
" ";" ";"2014";1264640266;580040257;z;z;-;387144937
" ";" ";"2015";1146989815;457568794;6113334;290559093;-;392748594
" ";" ";"2016";860655098;374095419;2421041;207578512;-;276560127
" ";" ";"2017";979679613;449684192;5952388;240445923;-;283597110
" ";"21 Objekti prometne infrastrukture"
" ";" ";"2010";781428043;z;z;z;z;z
" ";" ";"2011";620667838;127551605;z;z;187823364;z
" ";" ";"2012";470834990;136086639;594390;158594069;-;175559892
" ";" ";"2013";503744164;85018816;3282278;182144479;-;233298592
" ";" ";"2014";z;166090384;z;196694735;-;290194932
" ";" ";"2015";675573487;154464931;5415440;192885507;-;322807609
" ";" ";"2016";488873595;131830888;676941;139818787;-;216546979
" ";" ";"2017";552621957;150391756;2617387;173153772;-;226459042
" ";"211 Ceste"
" ";" ";"2010";z;z;z;z;z;z
" ";" ";"2011";z;z;z;z;z;z
" ";" ";"2012";274702771;67290717;z;z;-;100038709
" ";" ";"2013";z;z;z;z;-;147346668
" ";" ";"2014";z;z;z;73220426;-;z
" ";" ";"2015";363161188;z;5415440;z;-;202747278
" ";" ";"2016";359634920;90813452;595262;118529431;-;149696774
" ";" ";"2017";385220569;z;z;z;-;148916428
" ";"2111 Avtoceste, hitre ceste, glavne ceste in regionalne ceste"
" ";" ";"2010";226063519;149383392;-;28098275;20664055;27917797
" ";" ";"2011";120588782;37536268;-;29009452;16322971;37720090
" ";" ";"2012";85199651;29206699;z;z;-;28335154
" ";" ";"2013";z;19739941;z;z;-;50973220
" ";" ";"2014";100208476;23091469;z;21564464;-;z
" ";" ";"2015";149187930;37255259;z;z;-;74284149
" ";" ";"2016";219679108;69423882;-;74526801;-;75728424
" ";" ";"2017";240157570;82696891;1533878;76275249;-;79651552
" ";"2112 Lokalne ceste in javne poti, nekategorizirane ceste in gozdne ceste"
" ";" ";"2010";z;z;z;z;z;z
" ";" ";"2011";z;z;z;z;z;z
" ";" ";"2012";189503121;38084018;z;z;-;71703555
" ";" ";"2013";z;z;1612948;41143529;-;96373448
" ";" ";"2014";z;z;z;51655961;-;131746844
" ";" ";"2015";213973259;z;z;z;-;128463129
" ";" ";"2016";139955812;21389570;595262;44002630;-;73968350
" ";" ";"2017";145062999;z;z;z;-;69264876
" ";"212 Železniške proge"
" ";" ";"2010";162945572;z;-;z;38406346;52943240
" ";" ";"2011";178213470;750018;-;z;63625727;z
" ";" ";"2012";109969008;z;-;z;-;61722083
" ";" ";"2013";163111943;2382373;-;97224128;-;63505442
" ";" ";"2014";228891189;z;z;112889248;-;z
" ";" ";"2015";243879362;36867746;-;102515266;-;104496350
" ";" ";"2016";68818497;5012459;-;7557856;-;56248183
" ";" ";"2017";98790602;12491620;-;32791106;-;53507875
" ";"2121 Glavne in regionalne železniške proge"
" ";" ";"2010";z;z;-;z;38406346;52943240
" ";" ";"2011";178213470;750018;-;z;63625727;z
" ";" ";"2012";109841694;-;-;z;-;z
" ";" ";"2013";163111943;2382373;-;97224128;-;63505442
" ";" ";"2014";228702003;z;z;112889248;-;z
" ";" ";"2015";z;36867746;-;102515266;-;z
" ";" ";"2016";68779296;5012459;-;7557856;-;56208982
" ";" ";"2017";98525594;12491620;-;z;-;z
" ";"2122 Mestne železniške proge"
" ";" ";"2010";z;z;-;z;-;-
" ";" ";"2011";-;-;-;-;-;-
" ";" ";"2012";127315;z;-;z;-;z
" ";" ";"2013";-;-;-;-;-;-
" ";" ";"2014";189186;z;-;-;-;z
" ";" ";"2015";z;-;-;-;-;z
" ";" ";"2016";39201;-;-;-;-;39201
" ";" ";"2017";265008;-;-;z;-;z
" ";"213 Letališke steze"
" ";" ";"2010";z;z;-;-;z;-
" ";" ";"2011";931666;485049;-;-;z;z
" ";" ";"2012";4637693;z;-;-;-;z
" ";" ";"2013";z;z;-;-;-;z
" ";" ";"2014";z;z;-;2692599;-;1175379
" ";" ";"2015";2747125;1408902;-;582329;-;755894
" ";" ";"2016";483386;z;-;41235;-;z
" ";" ";"2017";4724542;-;-;z;-;z
" ";"2130 Letališke steze"
" ";" ";"2010";z;z;-;-;z;-
" ";" ";"2011";931666;485049;-;-;z;z
" ";" ";"2012";4637693;z;-;-;-;z
" ";" ";"2013";z;z;-;-;-;z
" ";" ";"2014";z;z;-;2692599;-;1175379
" ";" ";"2015";2747125;1408902;-;582329;-;755894
" ";" ";"2016";483386;z;-;41235;-;z
" ";" ";"2017";4724542;-;-;z;-;z
" ";"214 Mostovi, viadukti, predori in podhodi"
" ";" ";"2010";54056997;42543061;-;6206875;3631146;1675914
" ";" ";"2011";z;z;-;2889421;2302538;1423098
" ";" ";"2012";61208805;z;z;z;-;4791218
" ";" ";"2013";z;6300277;z;3112717;-;z
" ";" ";"2014";38931393;22568242;-;3614237;-;12748913
" ";" ";"2015";32642151;18712504;-;6105858;-;7823790
" ";" ";"2016";11394078;z;z;4673691;-;z
" ";" ";"2017";21920948;z;-;9585614;-;z
" ";"2141 Mostovi in viadukti"
" ";" ";"2010";31046891;21273671;-;z;z;1140967
" ";" ";"2011";z;z;-;z;z;z
" ";" ";"2012";34978333;z;z;z;-;3159462
" ";" ";"2013";22092283;6300277;-;z;-;z
" ";" ";"2014";29397522;15991965;-;z;-;z
" ";" ";"2015";21374601;14372833;-;2711867;-;4289900
" ";" ";"2016";8104376;z;z;3571501;-;z
" ";" ";"2017";16602464;4624396;-;8530346;-;3447722
" ";"2142 Predori in podhodi"
" ";" ";"2010";23010106;21269390;-;z;z;534948
" ";" ";"2011";16565234;15871103;-;z;z;z
" ";" ";"2012";26230472;z;-;z;-;1631756
" ";" ";"2013";z;-;z;z;-;475314
" ";" ";"2014";9533871;6576277;-;z;-;z
" ";" ";"2015";11267551;4339670;-;3393991;-;3533889
" ";" ";"2016";3289703;1140625;-;1102190;-;1046888
" ";" ";"2017";5318484;z;-;1055269;-;z
" ";"215 Pristanišèa, plovni kanali, jezovi in vodne pregrade ter drugi vodni objekti"
" ";" ";"2010";z;z;z;z;13890874;5229641
" ";" ";"2011";26772519;8308305;-;4686247;10028978;3748989
" ";" ";"2012";20316713;z;-;z;-;8790178
" ";" ";"2013";z;z;-;z;-;z
" ";" ";"2014";z;z;-;4278225;-;z
" ";" ";"2015";33143661;z;-;z;-;6984298
" ";" ";"2016";48279250;32063300;z;9016575;-;z
" ";" ";"2017";41965297;19823688;z;z;-;18573044
" ";"2151 Pristanišèa in plovni kanali"
" ";" ";"2010";10501819;5291581;-;3565281;z;z
" ";" ";"2011";5682690;z;-;z;z;z
" ";" ";"2012";937745;-;-;z;-;z
" ";" ";"2013";z;-;-;-;-;z
" ";" ";"2014";14870256;z;-;-;-;z
" ";" ";"2015";4063440;z;-;z;-;z
" ";" ";"2016";11171752;13285;-;8473019;-;2685448
" ";" ";"2017";5880292;z;-;2755297;-;z
" ";"2152 Jezovi, vodne pregrade in drugi vodni objekti"
" ";" ";"2010";z;z;z;z;11899625;4247556
" ";" ";"2011";19996951;6735553;-;1257377;8593046;3410976
" ";" ";"2012";17931955;z;-;z;-;7848326
" ";" ";"2013";z;z;-;z;-;7265468
" ";" ";"2014";31942549;21870281;-;4278225;-;5794043
" ";" ";"2015";28711268;z;-;z;-;z
" ";" ";"2016";36975143;31991179;z;z;-;z
" ";" ";"2017";35582707;19317879;z;z;-;15451560
" ";"2153 Sistemi za namakanje in osuševanje, akvadukti"
" ";" ";"2010";4164012;1957200;-;878435;z;z
" ";" ";"2011";1092878;z;-;z;z;z
" ";" ";"2012";1447013;z;-;-;-;z
" ";" ";"2013";z;-;-;-;-;z
" ";" ";"2014";z;z;-;-;-;z
" ";" ";"2015";368953;z;-;-;-;z
" ";" ";"2016";132356;58837;-;z;-;z
" ";" ";"2017";502298;z;-;-;-;z
" ";"22 Cevovodi, komunikacijska omrežja in elektroenergetski vodi"
" ";" ";"2010";299980545;z;z;27497599;z;z
" ";" ";"2011";z;z;z;z;z;z
" ";" ";"2012";z;z;z;32022672;-;31062221
" ";" ";"2013";314888610;241978275;z;z;-;z
" ";" ";"2014";z;z;z;z;-;z
" ";" ";"2015";364144056;z;61270;81184922;-;z
" ";" ";"2016";266676313;192074245;602634;47336444;-;26662990
" ";" ";"2017";332209976;253420897;1375117;50042604;-;27371358
" ";"221 Daljinski cevovodi, daljinska [hrbtenièna] komunikacijska omrežja in daljinski [prenosni] elektroenergetski vodi"
" ";" ";"2010";z;z;z;2508662;z;z
" ";" ";"2011";z;z;z;5020569;z;z
" ";" ";"2012";69253232;z;z;5673083;-;3283751
" ";" ";"2013";z;z;z;z;-;1904669
" ";" ";"2014";z;z;-;z;-;z
" ";" ";"2015";z;z;z;5084604;-;z
" ";" ";"2016";42602142;z;-;4815503;-;z
" ";" ";"2017";47330468;36789065;z;5161279;-;z
" ";"2211 Naftovodi in daljinski [prenosni] plinovodi"
" ";" ";"2010";42721887;z;-;-;z;-
" ";" ";"2011";76126624;z;-;z;-;z
" ";" ";"2012";39298014;37984705;-;z;-;z
" ";" ";"2013";z;z;-;-;-;-
" ";" ";"2014";29213877;28937712;-;-;-;276165
" ";" ";"2015";262781;z;-;-;-;z
" ";" ";"2016";1513412;1065435;-;-;-;447977
" ";" ";"2017";9445406;z;-;z;-;z
" ";"2212 Daljinski vodovodi"
" ";" ";"2010";z;z;z;-;-;z
" ";" ";"2011";z;z;z;z;z;z
" ";" ";"2012";5452192;5234890;-;z;-;z
" ";" ";"2013";z;z;-;z;-;z
" ";" ";"2014";z;z;-;z;-;z
" ";" ";"2015";z;z;z;2264402;-;z
" ";" ";"2016";16723904;z;-;1885804;-;z
" ";" ";"2017";19905689;16415021;-;2586507;-;904161
" ";"2213 Daljinska [hrbtenièna] komunikacijska omrežja"
" ";" ";"2010";13855312;12886497;-;z;z;z
" ";" ";"2011";7018581;z;-;-;z;z
" ";" ";"2012";12215299;11916566;z;-;-;z
" ";" ";"2013";10309184;z;-;-;-;z
" ";" ";"2014";18770253;18526288;-;z;-;z
" ";" ";"2015";3624309;z;-;-;-;z
" ";" ";"2016";4079648;3713095;-;-;-;366553
" ";" ";"2017";2403893;z;z;z;-;-
" ";"2214 Daljinski [prenosni] elektroenergetski vodi"
" ";" ";"2010";6601085;z;-;z;z;-
" ";" ";"2011";10367920;z;-;z;z;z
" ";" ";"2012";12287727;z;-;z;-;1494766
" ";" ";"2013";20163964;11334426;z;z;-;z
" ";" ";"2014";22173402;11804051;-;4937920;-;5431430
" ";" ";"2015";14498492;10384406;z;2820202;-;z
" ";" ";"2016";20285178;14446708;-;2929698;-;2908772
" ";" ";"2017";15575480;10552328;-;1578061;-;3445091
" ";"222 Lokalni cevovodi, lokalni [distribucijski] elektroenergetski vodi in lokalna [dostopovna] komunikacijska omrežja"
" ";" ";"2010";z;z;z;24988937;z;z
" ";" ";"2011";z;z;z;z;z;z
" ";" ";"2012";z;z;z;26349589;-;27778470
" ";" ";"2013";z;z;z;z;-;z
" ";" ";"2014";382155398;262126441;z;z;-;z
" ";" ";"2015";z;z;z;76100318;-;z
" ";" ";"2016";224074170;z;602634;42520941;-;z
" ";" ";"2017";284879507;216631832;z;44881325;-;z
" ";"2221 Lokalni [distribucijski] plinovodi"
" ";" ";"2010";12907036;z;-;z;-;-
" ";" ";"2011";z;z;-;z;z;-
" ";" ";"2012";9873523;z;-;z;-;673484
" ";" ";"2013";1385849;1068711;-;z;-;z
" ";" ";"2014";z;z;-;z;-;119875
" ";" ";"2015";z;z;-;41808;-;194268
" ";" ";"2016";2328354;1911851;-;147975;-;268528
" ";" ";"2017";2059473;544390;z;189874;-;z
" ";"2222 Lokalni vodovodi"
" ";" ";"2010";z;z;-;z;2219370;587314
" ";" ";"2011";z;23929426;-;z;z;1091075
" ";" ";"2012";z;z;-;5500866;-;z
" ";" ";"2013";z;z;z;z;-;2149715
" ";" ";"2014";97832009;64409666;z;z;-;z
" ";" ";"2015";54965546;z;-;13728273;-;z
" ";" ";"2016";45906180;z;431011;9874982;-;z
" ";" ";"2017";92009886;71745582;27862;15548531;-;4687911
" ";"2223 Cevovodi za odpadno vodo"
" ";" ";"2010";z;z;z;5059135;z;z
" ";" ";"2011";54441327;z;z;z;z;z
" ";" ";"2012";62709252;z;z;z;-;z
" ";" ";"2013";88473568;80005009;-;7447408;-;1021151
" ";" ";"2014";159064821;135726410;2609676;z;-;z
" ";" ";"2015";162078269;115349145;19995;z;-;z
" ";" ";"2016";57872164;45797937;z;10299619;-;z
" ";" ";"2017";43208334;33237550;-;6731501;-;3239283
" ";"2224 Lokalni [distribucijski] elektroenergetski vodi in lokalna [dostopovna] komunikacijska omrežja"
" ";" ";"2010";z;z;-;15631334;2521304;11941743
" ";" ";"2011";z;z;-;15211977;3139748;12160866
" ";" ";"2012";108045341;z;z;15121702;-;z
" ";" ";"2013";94619590;z;z;z;-;z
" ";" ";"2014";z;z;z;z;-;z
" ";" ";"2015";98995488;z;z;z;-;z
" ";" ";"2016";117967473;81186093;z;22198365;-;z
" ";" ";"2017";147601816;111104310;55096;22411419;-;14030990
" ";"23 Industrijski gradbeni kompleksi"
" ";" ";"2010";z;z;-;10240942;1879389;4538644
" ";" ";"2011";107152953;83489998;z;z;12640749;z
" ";" ";"2012";83188043;z;z;19369940;-;16015318
" ";" ";"2013";59742649;z;z;6187304;-;z
" ";" ";"2014";z;36006065;z;9039904;-;z
" ";" ";"2015";41561660;z;421941;7355421;-;z
" ";" ";"2016";43834638;z;336453;6615574;-;z
" ";" ";"2017";49606588;23487910;659017;7936394;-;17523267
" ";"230 Industrijski gradbeni kompleksi"
" ";" ";"2010";z;z;-;10240942;1879389;4538644
" ";" ";"2011";107152953;83489998;z;z;12640749;z
" ";" ";"2012";83188043;z;z;19369940;-;16015318
" ";" ";"2013";59742649;z;z;6187304;-;z
" ";" ";"2014";z;36006065;z;9039904;-;z
" ";" ";"2015";41561660;z;421941;7355421;-;z
" ";" ";"2016";43834638;z;336453;6615574;-;z
" ";" ";"2017";49606588;23487910;659017;7936394;-;17523267
" ";"2301 Objekti za pridobivanje in izkorišèanje mineralnih surovin"
" ";" ";"2010";z;z;-;-;-;-
" ";" ";"2011";4981687;z;z;z;z;-
" ";" ";"2012";6321870;z;-;z;-;4359513
" ";" ";"2013";7777872;z;-;-;-;z
" ";" ";"2014";8254000;3144626;-;-;-;5109374
" ";" ";"2015";3387506;2033320;z;z;-;1344966
" ";" ";"2016";2870326;2556883;z;z;-;168682
" ";" ";"2017";1179680;z;-;z;-;z
" ";"2302 Elektrarne in drugi energetski objekti"
" ";" ";"2010";z;z;-;z;z;z
" ";" ";"2011";92505381;75487252;-;z;8951132;z
" ";" ";"2012";63192669;42566828;-;11461520;-;9164321
" ";" ";"2013";44576022;z;z;z;-;z
" ";" ";"2014";z;26238128;-;5253374;-;z
" ";" ";"2015";25105275;z;z;z;-;z
" ";" ";"2016";26167618;z;-;795365;-;z
" ";" ";"2017";24797519;11076573;-;1621572;-;12099374
" ";"2303 Objekti kemiène industrije"
" ";" ";"2010";z;z;-;z;z;z
" ";" ";"2011";1568153;z;-;z;z;z
" ";" ";"2012";3116598;z;-;z;-;280379
" ";" ";"2013";748235;z;-;-;-;z
" ";" ";"2014";z;-;-;z;-;65487
" ";" ";"2015";2212845;-;z;z;-;616971
" ";" ";"2016";2390162;-;z;z;-;2225762
" ";" ";"2017";7518559;z;72736;z;-;1856123
" ";"2304 Drugi industrijski gradbeni kompleksi, ki niso uvršèeni drugje"
" ";" ";"2010";z;8083227;-;z;z;z
" ";" ";"2011";8097732;5869322;-;z;z;z
" ";" ";"2012";10556907;z;z;4993972;-;2211106
" ";" ";"2013";6640521;4814744;z;z;-;z
" ";" ";"2014";z;6623312;z;z;-;1489591
" ";" ";"2015";10856035;4603687;z;z;-;3693077
" ";" ";"2016";12406531;5054010;212730;5634771;-;1505021
" ";" ";"2017";16110830;z;586281;5016500;-;z
" ";"24 Drugi gradbeni inženirski objekti"
" ";" ";"2010";z;z;z;z;z;z
" ";" ";"2011";z;z;1150224;z;z;z
" ";" ";"2012";z;z;1220359;5101771;-;15523684
" ";" ";"2013";71815488;z;z;z;-;23781180
" ";" ";"2014";z;z;514437;z;-;20284000
" ";" ";"2015";65710612;z;214683;9133242;-;z
" ";" ";"2016";61270552;z;805013;13807706;-;z
" ";" ";"2017";45241092;22383629;1300867;9313153;-;12243443
" ";"241 Objekti za šport, rekreacijo in prosti èas"
" ";" ";"2010";z;53521176;z;z;569796;z
" ";" ";"2011";14102210;10673604;-;2010333;1365680;52593
" ";" ";"2012";6978664;z;z;723277;-;1000366
" ";" ";"2013";11581598;z;-;z;-;2292179
" ";" ";"2014";z;z;z;z;-;1051712
" ";" ";"2015";9996817;6315167;63652;2859096;-;758902
" ";" ";"2016";8883766;z;148136;5219663;-;z
" ";" ";"2017";z;z;610877;2728734;-;646342
" ";"2411 Športna igrišèa"
" ";" ";"2010";51260482;47073192;z;z;71068;z
" ";" ";"2011";6030706;4530224;-;488163;z;z
" ";" ";"2012";3105012;1628317;-;578270;-;898424
" ";" ";"2013";4099679;z;-;z;-;1393914
" ";" ";"2014";4586309;z;-;z;-;216671
" ";" ";"2015";3582843;740278;z;2304779;-;z
" ";" ";"2016";2518578;z;z;887416;-;z
" ";" ";"2017";7260038;5468524;z;849154;-;z
" ";"2412 Drugi gradbeni inženirski objekti za šport, rekreacijo in prosti èas"
" ";" ";"2010";z;6447984;z;z;498728;z
" ";" ";"2011";8071503;6143379;-;1522169;z;z
" ";" ";"2012";3873652;z;z;145007;-;101942
" ";" ";"2013";7481919;6258833;-;324822;-;898264
" ";" ";"2014";z;z;z;z;-;835040
" ";" ";"2015";6413974;5574889;z;554317;-;z
" ";" ";"2016";6365188;1774573;z;4332247;-;z
" ";" ";"2017";z;z;z;1879579;-;z
" ";"242 Drugi gradbeni inženirski objekti"
" ";" ";"2010";63063044;z;z;z;z;z
" ";" ";"2011";z;z;1150224;z;z;z
" ";" ";"2012";z;z;z;4378494;-;14523318
" ";" ";"2013";60233890;z;z;z;-;21489001
" ";" ";"2014";66640209;32164985;z;z;-;19232289
" ";" ";"2015";55713795;z;151031;6274146;-;z
" ";" ";"2016";52386786;30855029;656877;8588043;-;12286837
" ";" ";"2017";z;z;689990;6584420;-;11597102
" ";"2420 Drugi gradbeni inženirski objekti"
" ";" ";"2010";63063044;z;z;z;z;z
" ";" ";"2011";z;z;1150224;z;z;z
" ";" ";"2012";z;z;z;4378494;-;14523318
" ";" ";"2013";60233890;z;z;z;-;21489001
" ";" ";"2014";66640209;32164985;z;z;-;19232289
" ";" ";"2015";55713795;z;151031;6274146;-;z
" ";" ";"2016";52386786;30855029;656877;8588043;-;12286837
" ";" ";"2017";z;z;689990;6584420;-;11597102
"Fizièna oseba"
" ";"CC_SI - SKUPAJ"
" ";" ";"2010";97201498;60064754;2063112;14709208;16766929;3597495
" ";" ";"2011";125263158;63030125;2235148;13795641;38605876;7596369
" ";" ";"2012";134097379;64884777;1784866;18379095;943096;48105545
" ";" ";"2013";131129555;66263241;3801868;16301692;1740286;43022468
" ";" ";"2014";134315077;66807350;1308734;16976581;1167206;48055207
" ";" ";"2015";151105133;69421050;1830804;19081862;490829;60280587
" ";" ";"2016";178077665;87144903;3574496;24028053;2277301;61052912
" ";" ";"2017";216289187;109870962;2664443;26011841;615541;77126401
" ";"1 STAVBE"
" ";" ";"2010";87492328;55397321;z;z;12958903;z
" ";" ";"2011";116250586;59796998;2235148;13401886;33658712;7157843
" ";" ";"2012";131343879;63802845;1784866;17063395;943096;47749676
" ";" ";"2013";124003784;62186319;z;z;1740286;41863820
" ";" ";"2014";130146409;65225167;z;z;1167206;46423074
" ";" ";"2015";144507042;67347929;1830804;16827763;490829;58009717
" ";" ";"2016";171936532;83748603;3574496;22625871;2277301;59710260
" ";" ";"2017";207247522;105285572;2645998;22309507;615541;76390905
" ";"11 STANOVANJSKE STAVBE"
" ";" ";"2010";78851012;50233494;z;z;12728164;z
" ";" ";"2011";99139978;53855011;z;z;z;z
" ";" ";"2012";123178937;57181669;z;16537562;z;47093314
" ";" ";"2013";113762330;54478178;z;z;1740286;41249848
" ";" ";"2014";120477724;57834487;1093254;z;z;45641566
" ";" ";"2015";136001277;61315381;z;15816986;z;56892910
" ";" ";"2016";161990376;77417994;2846457;20888517;2217153;58620255
" ";" ";"2017";185712841;90119421;z;21358760;z;71313499
" ";"111 Enostanovanjske stavbe"
" ";" ";"2010";z;z;z;z;z;z
" ";" ";"2011";z;z;z;z;z;z
" ";" ";"2012";104906728;53890267;z;12705953;z;36276558
" ";" ";"2013";99265518;52420106;z;z;z;31880447
" ";" ";"2014";100517642;53814300;z;10793996;z;34422464
" ";" ";"2015";116024795;57470401;z;12055110;z;44709011
" ";" ";"2016";129399755;72536935;2729214;15063489;596326;38473792
" ";" ";"2017";151910286;85979135;2311830;16256893;432349;46930080
" ";"1110 Enostanovanjske stavbe"
" ";" ";"2010";z;z;z;z;z;z
" ";" ";"2011";z;z;z;z;z;z
" ";" ";"2012";104906728;53890267;z;12705953;z;36276558
" ";" ";"2013";99265518;52420106;z;z;z;31880447
" ";" ";"2014";100517642;53814300;z;10793996;z;34422464
" ";" ";"2015";116024795;57470401;z;12055110;z;44709011
" ";" ";"2016";129399755;72536935;2729214;15063489;596326;38473792
" ";" ";"2017";151910286;85979135;2311830;16256893;432349;46930080
" ";"112 Veèstanovanjske stavbe"
" ";" ";"2010";12154817;4960813;z;z;z;z
" ";" ";"2011";16308452;5767046;z;2291078;7056574;z
" ";" ";"2012";18272209;3291402;z;3831609;z;10816756
" ";" ";"2013";14496812;2058072;z;z;z;9369401
" ";" ";"2014";19960082;4020187;z;z;z;11219102
" ";" ";"2015";19976482;3844980;z;3761876;z;12183898
" ";" ";"2016";32590620;4881060;117243;5825027;1620827;20146463
" ";" ";"2017";33802555;4140286;z;5101867;z;24383419
" ";"1121 Dvostanovanjske stavbe"
" ";" ";"2010";4309741;1807556;z;z;z;z
" ";" ";"2011";6654313;2267561;z;z;2956466;z
" ";" ";"2012";3118719;1397196;z;594292;z;1000352
" ";" ";"2013";2946693;1054153;z;z;z;1469028
" ";" ";"2014";5384152;2136150;z;z;z;2060833
" ";" ";"2015";5117274;1966190;68539;z;z;2885150
" ";" ";"2016";6642847;2420995;117243;261663;-;3842945
" ";" ";"2017";5375585;2651592;z;z;z;1671156
" ";"1122 Tri- in veèstanovanjske stavbe"
" ";" ";"2010";7845076;3153258;-;z;z;z
" ";" ";"2011";9654140;3499484;-;z;4100108;z
" ";" ";"2012";15153491;1894206;z;3237317;z;9816404
" ";" ";"2013";11550119;1003919;-;2645827;-;7900373
" ";" ";"2014";14575930;1884037;-;z;z;9158269
" ";" ";"2015";14859208;1878790;z;z;z;9298748
" ";" ";"2016";25947774;2460065;-;5563364;1620827;16303518
" ";" ";"2017";28426971;1488694;-;z;z;22712264
" ";"113 Stanovanjske stavbe za posebne družbene skupine"
" ";" ";"2010";z;z;-;z;-;z
" ";" ";"2011";z;z;-;-;-;z
" ";" ";"2012";-;-;-;-;-;-
" ";" ";"2013";-;-;-;-;-;-
" ";" ";"2014";-;-;-;-;-;-
" ";" ";"2015";-;-;-;-;-;-
" ";" ";"2016";-;-;-;-;-;-
" ";" ";"2017";-;-;-;-;-;-
" ";"1130 Stanovanjske stavbe za posebne družbene skupine"
" ";" ";"2010";z;z;-;z;-;z
" ";" ";"2011";z;z;-;-;-;z
" ";" ";"2012";-;-;-;-;-;-
" ";" ";"2013";-;-;-;-;-;-
" ";" ";"2014";-;-;-;-;-;-
" ";" ";"2015";-;-;-;-;-;-
" ";" ";"2016";-;-;-;-;-;-
" ";" ";"2017";-;-;-;-;-;-
" ";"12 NESTANOVANJSKE STAVBE"
" ";" ";"2010";8641317;5163827;1184906;2015659;230739;46184
" ";" ";"2011";17110607;5941987;z;z;z;z
" ";" ";"2012";8164942;6621177;z;525833;z;656362
" ";" ";"2013";10241454;7708141;513947;1405394;-;613972
" ";" ";"2014";9668685;7390680;z;611567;z;781508
" ";" ";"2015";8505765;6032548;z;1010777;z;1116807
" ";" ";"2016";9946156;6330609;728039;1737355;60148;1090005
" ";" ";"2017";21534681;15166150;z;950747;z;5077406
" ";"121 Gostinske stavbe"
" ";" ";"2010";1022450;z;-;z;-;z
" ";" ";"2011";5309843;z;z;z;z;z
" ";" ";"2012";618613;514449;-;z;z;z
" ";" ";"2013";1556044;z;z;z;-;10627
" ";" ";"2014";931883;876162;-;z;-;z
" ";" ";"2015";z;149831;z;z;-;z
" ";" ";"2016";1298593;652699;-;188113;-;457781
" ";" ";"2017";709854;599087;-;18790;-;91976
" ";"1211 Hotelske in podobne gostinske stavbe"
" ";" ";"2010";z;z;-;-;-;z
" ";" ";"2011";4849728;z;-;z;z;z
" ";" ";"2012";z;z;-;z;z;z
" ";" ";"2013";310024;-;z;z;-;z
" ";" ";"2014";z;z;-;z;-;z
" ";" ";"2015";90313;z;-;z;-;z
" ";" ";"2016";937737;z;-;188113;-;z
" ";" ";"2017";612421;531596;-;18790;-;62035
" ";"1212 Druge gostinske stavbe za kratkotrajno nastanitev"
" ";" ";"2010";z;z;-;z;-;-
" ";" ";"2011";460115;z;z;-;-;-
" ";" ";"2012";z;z;-;-;-;-
" ";" ";"2013";1246020;z;-;z;-;z
" ";" ";"2014";z;z;-;-;-;-
" ";" ";"2015";z;z;z;-;-;z
" ";" ";"2016";360856;z;-;-;-;z
" ";" ";"2017";97432;67491;-;-;-;29941
" ";"122 Poslovne in upravne stavbe"
" ";" ";"2010";z;z;-;z;z;z
" ";" ";"2011";444092;z;-;z;214776;-
" ";" ";"2012";560801;323934;z;z;-;69963
" ";" ";"2013";1162528;z;-;z;-;z
" ";" ";"2014";815012;z;-;76782;z;z
" ";" ";"2015";159393;57315;z;z;-;65814
" ";" ";"2016";2061176;z;z;62213;-;z
" ";" ";"2017";5285885;4592514;z;z;-;292566
" ";"1220 Poslovne in upravne stavbe"
" ";" ";"2010";z;z;-;z;z;z
" ";" ";"2011";444092;z;-;z;214776;-
" ";" ";"2012";560801;323934;z;z;-;69963
" ";" ";"2013";1162528;z;-;z;-;z
" ";" ";"2014";815012;z;-;76782;z;z
" ";" ";"2015";159393;57315;z;z;-;65814
" ";" ";"2016";2061176;z;z;62213;-;z
" ";" ";"2017";5285885;4592514;z;z;-;292566
" ";"123 Trgovske stavbe in stavbe za storitvene dejavnosti"
" ";" ";"2010";z;z;z;z;-;6096
" ";" ";"2011";z;213794;-;-;z;z
" ";" ";"2012";1681134;1601934;z;35558;z;36968
" ";" ";"2013";567668;470439;-;z;-;z
" ";" ";"2014";280821;102321;z;114413;-;z
" ";" ";"2015";1033675;465421;z;446603;z;24782
" ";" ";"2016";192483;97121;-;26497;-;68865
" ";" ";"2017";322306;66804;110411;36113;-;108977
" ";"1230 Trgovske stavbe in stavbe za storitvene dejavnosti"
" ";" ";"2010";z;z;z;z;-;6096
" ";" ";"2011";z;213794;-;-;z;z
" ";" ";"2012";1681134;1601934;z;35558;z;36968
" ";" ";"2013";567668;470439;-;z;-;z
" ";" ";"2014";280821;102321;z;114413;-;z
" ";" ";"2015";1033675;465421;z;446603;z;24782
" ";" ";"2016";192483;97121;-;26497;-;68865
" ";" ";"2017";322306;66804;110411;36113;-;108977
" ";"124 Stavbe za promet in stavbe za izvajanje komunikacij"
" ";" ";"2010";748558;z;-;z;z;-
" ";" ";"2011";z;z;z;-;z;z
" ";" ";"2012";495611;z;z;79611;-;30444
" ";" ";"2013";z;z;-;z;-;22165
" ";" ";"2014";1012889;z;z;z;-;51376
" ";" ";"2015";1465414;986129;-;117206;-;362079
" ";" ";"2016";1349833;1112587;z;51833;z;136599
" ";" ";"2017";z;z;z;37127;-;z
" ";"1241 Postajna poslopja, terminali, stavbe za izvajanje komunikacij ter z njimi povezane stavbe"
" ";" ";"2010";-;-;-;-;-;-
" ";" ";"2011";-;-;-;-;-;-
" ";" ";"2012";-;-;-;-;-;-
" ";" ";"2013";-;-;-;-;-;-
" ";" ";"2014";-;-;-;-;-;-
" ";" ";"2015";-;-;-;-;-;-
" ";" ";"2016";-;-;-;-;-;-
" ";" ";"2017";-;-;-;-;-;-
" ";"1242 Garažne stavbe"
" ";" ";"2010";748558;z;-;z;z;-
" ";" ";"2011";z;z;z;-;z;z
" ";" ";"2012";495611;z;z;79611;-;30444
" ";" ";"2013";z;z;-;z;-;22165
" ";" ";"2014";1012889;z;z;z;-;51376
" ";" ";"2015";1465414;986129;-;117206;-;362079
" ";" ";"2016";1349833;1112587;z;51833;z;136599
" ";" ";"2017";z;z;z;37127;-;z
" ";"125 Industrijske stavbe in skladišèa"
" ";" ";"2010";1873547;1414462;z;z;z;-
" ";" ";"2011";1784161;1393543;-;z;z;z
" ";" ";"2012";141353;122491;-;z;-;z
" ";" ";"2013";470786;z;z;-;-;z
" ";" ";"2014";z;-;-;-;-;z
" ";" ";"2015";713543;628974;z;z;-;59279
" ";" ";"2016";558911;z;z;-;-;z
" ";" ";"2017";z;z;-;-;-;z
" ";"1251 Industrijske stavbe"
" ";" ";"2010";1378503;919419;z;z;z;-
" ";" ";"2011";1744376;z;-;z;z;z
" ";" ";"2012";z;z;-;z;-;-
" ";" ";"2013";z;-;z;-;-;-
" ";" ";"2014";-;-;-;-;-;-
" ";" ";"2015";213748;139438;z;z;-;z
" ";" ";"2016";404783;z;z;-;-;-
" ";" ";"2017";-;-;-;-;-;-
" ";"1252 Rezervoarji, silosi in skladišèa"
" ";" ";"2010";495044;495044;-;-;-;-
" ";" ";"2011";39785;z;-;z;z;-
" ";" ";"2012";z;z;-;-;-;z
" ";" ";"2013";z;z;z;-;-;z
" ";" ";"2014";z;-;-;-;-;z
" ";" ";"2015";499795;489535;-;z;-;z
" ";" ";"2016";154128;z;-;-;-;z
" ";" ";"2017";z;z;-;-;-;z
" ";"126 Stavbe splošnega družbenega pomena"
" ";" ";"2010";z;-;z;-;z;z
" ";" ";"2011";z;z;-;z;z;-
" ";" ";"2012";342018;z;-;z;-;247236
" ";" ";"2013";z;z;-;-;-;z
" ";" ";"2014";z;z;-;z;-;-
" ";" ";"2015";z;-;z;z;-;z
" ";" ";"2016";141516;-;-;129859;-;11657
" ";" ";"2017";245310;z;-;z;-;z
" ";"1261 Stavbe za kulturo in razvedrilo"
" ";" ";"2010";-;-;-;-;-;-
" ";" ";"2011";z;-;-;-;z;-
" ";" ";"2012";z;-;-;-;-;z
" ";" ";"2013";-;-;-;-;-;-
" ";" ";"2014";-;-;-;-;-;-
" ";" ";"2015";-;-;-;-;-;-
" ";" ";"2016";-;-;-;-;-;-
" ";" ";"2017";26126;z;-;-;-;z
" ";"1262 Muzeji in knjižnice"
" ";" ";"2010";-;-;-;-;-;-
" ";" ";"2011";-;-;-;-;-;-
" ";" ";"2012";-;-;-;-;-;-
" ";" ";"2013";-;-;-;-;-;-
" ";" ";"2014";-;-;-;-;-;-
" ";" ";"2015";-;-;-;-;-;-
" ";" ";"2016";-;-;-;-;-;-
" ";" ";"2017";-;-;-;-;-;-
" ";"1263 Stavbe za izobraževanje in znanstvenoraziskovalno delo"
" ";" ";"2010";z;-;-;-;z;-
" ";" ";"2011";-;-;-;-;-;-
" ";" ";"2012";184451;z;-;z;-;z
" ";" ";"2013";-;-;-;-;-;-
" ";" ";"2014";-;-;-;-;-;-
" ";" ";"2015";z;-;-;-;-;z
" ";" ";"2016";52207;-;-;z;-;z
" ";" ";"2017";16900;-;-;-;-;16900
" ";"1264 Stavbe za zdravstveno oskrbo"
" ";" ";"2010";z;-;z;-;-;z
" ";" ";"2011";z;-;-;z;-;-
" ";" ";"2012";z;-;-;-;-;z
" ";" ";"2013";-;-;-;-;-;-
" ";" ";"2014";z;-;-;z;-;-
" ";" ";"2015";-;-;-;-;-;-
" ";" ";"2016";z;-;-;z;-;z
" ";" ";"2017";202284;-;-;z;-;z
" ";"1265 Stavbe za šport"
" ";" ";"2010";-;-;-;-;-;-
" ";" ";"2011";z;z;-;-;-;-
" ";" ";"2012";z;z;-;z;-;-
" ";" ";"2013";z;z;-;-;-;z
" ";" ";"2014";z;z;-;-;-;-
" ";" ";"2015";4461;-;z;z;-;-
" ";" ";"2016";z;-;-;-;-;z
" ";" ";"2017";-;-;-;-;-;-
" ";"127 Druge nestanovanjske stavbe"
" ";" ";"2010";3418785;z;z;z;176878;z
" ";" ";"2011";7463262;z;-;314159;z;74690
" ";" ";"2012";4325412;3638933;z;185980;z;242026
" ";" ";"2013";5784629;5061910;53517;267762;-;401440
" ";" ";"2014";6568969;5540243;z;z;z;637387
" ";" ";"2015";4865472;3744877;z;402120;z;z
" ";" ";"2016";4343644;2663889;z;1278840;z;z
" ";" ";"2017";13081330;8090175;174976;z;z;4324539
" ";"1271 Nestanovanjske kmetijske stavbe"
" ";" ";"2010";z;z;z;z;z;z
" ";" ";"2011";z;z;-;237069;z;z
" ";" ";"2012";3893754;3519927;z;134786;-;z
" ";" ";"2013";5256984;4605415;z;z;-;z
" ";" ";"2014";5398075;4562063;z;z;z;z
" ";" ";"2015";z;z;z;85193;z;z
" ";" ";"2016";z;z;z;z;z;z
" ";" ";"2017";z;7327093;174976;z;-;z
" ";"1272 Obredne stavbe"
" ";" ";"2010";z;-;-;z;-;-
" ";" ";"2011";z;-;-;-;-;z
" ";" ";"2012";52839;-;-;z;z;z
" ";" ";"2013";-;-;-;-;-;-
" ";" ";"2014";z;z;-;-;z;z
" ";" ";"2015";-;-;-;-;-;-
" ";" ";"2016";4817;z;-;z;-;-
" ";" ";"2017";z;-;-;-;z;z
" ";"1273 Kulturna dedišèina, ki se ne uporablja v druge namene"
" ";" ";"2010";z;-;-;-;z;-
" ";" ";"2011";-;-;-;-;-;-
" ";" ";"2012";-;-;-;-;-;-
" ";" ";"2013";-;-;-;-;-;-
" ";" ";"2014";z;z;-;-;-;-
" ";" ";"2015";z;z;-;-;-;-
" ";" ";"2016";z;-;-;-;-;z
" ";" ";"2017";-;-;-;-;-;-
" ";"1274 Druge stavbe, ki niso uvršèene drugje"
" ";" ";"2010";949743;z;z;z;z;z
" ";" ";"2011";4493470;409754;-;77090;4006626;-
" ";" ";"2012";378819;119006;z;z;-;82410
" ";" ";"2013";527645;456495;z;z;-;z
" ";" ";"2014";297307;137712;z;z;-;98115
" ";" ";"2015";988738;566110;z;316927;-;z
" ";" ";"2016";497087;133355;z;302193;-;z
" ";" ";"2017";1423758;763082;-;145866;-;514809
" ";"2 GRADBENI INŽENIRSKI OBJEKTI"
" ";" ";"2010";9709169;4667433;z;z;3808026;z
" ";" ";"2011";9012573;3233127;-;393755;4947164;438526
" ";" ";"2012";2753500;1081931;-;1315699;-;355870
" ";" ";"2013";7125771;4076923;z;z;-;1158648
" ";" ";"2014";4168668;1582184;z;z;-;1632133
" ";" ";"2015";6598091;2073122;-;2254099;-;2270871
" ";" ";"2016";6141133;3396300;-;1402182;-;1342652
" ";" ";"2017";9041665;4585390;18446;3702333;-;735496
" ";"21 Objekti prometne infrastrukture"
" ";" ";"2010";8506544;z;-;z;z;z
" ";" ";"2011";7349446;1970166;-;z;4678610;z
" ";" ";"2012";2584608;945131;-;1315699;-;323778
" ";" ";"2013";3243342;1294216;-;1436368;-;512759
" ";" ";"2014";z;z;z;869077;-;1529038
" ";" ";"2015";3736047;762513;-;1615320;-;1358214
" ";" ";"2016";2323354;527609;-;1229884;-;565861
" ";" ";"2017";6203122;1861436;18446;3675737;-;647503
" ";"211 Ceste"
" ";" ";"2010";z;z;-;z;z;z
" ";" ";"2011";z;z;-;z;4678610;z
" ";" ";"2012";2584608;945131;-;1315699;-;323778
" ";" ";"2013";z;z;-;1436368;-;512759
" ";" ";"2014";z;z;z;869077;-;z
" ";" ";"2015";3633826;z;-;z;-;1324043
" ";" ";"2016";2323354;527609;-;1229884;-;565861
" ";" ";"2017";6061520;1719834;18446;3675737;-;647503
" ";"2111 Avtoceste, hitre ceste, glavne ceste in regionalne ceste"
" ";" ";"2010";-;-;-;-;-;-
" ";" ";"2011";-;-;-;-;-;-
" ";" ";"2012";-;-;-;-;-;-
" ";" ";"2013";-;-;-;-;-;-
" ";" ";"2014";-;-;-;-;-;-
" ";" ";"2015";-;-;-;-;-;-
" ";" ";"2016";-;-;-;-;-;-
" ";" ";"2017";-;-;-;-;-;-
" ";"2112 Lokalne ceste in javne poti, nekategorizirane ceste in gozdne ceste"
" ";" ";"2010";z;z;-;z;z;z
" ";" ";"2011";z;z;-;z;4678610;z
" ";" ";"2012";2584608;945131;-;1315699;-;323778
" ";" ";"2013";z;z;-;1436368;-;512759
" ";" ";"2014";z;z;z;869077;-;z
" ";" ";"2015";3633826;z;-;z;-;1324043
" ";" ";"2016";2323354;527609;-;1229884;-;565861
" ";" ";"2017";6061520;1719834;18446;3675737;-;647503
" ";"212 Železniške proge"
" ";" ";"2010";-;-;-;-;-;-
" ";" ";"2011";-;-;-;-;-;-
" ";" ";"2012";-;-;-;-;-;-
" ";" ";"2013";-;-;-;-;-;-
" ";" ";"2014";-;-;-;-;-;-
" ";" ";"2015";-;-;-;-;-;-
" ";" ";"2016";-;-;-;-;-;-
" ";" ";"2017";-;-;-;-;-;-
" ";"2121 Glavne in regionalne železniške proge"
" ";" ";"2010";-;-;-;-;-;-
" ";" ";"2011";-;-;-;-;-;-
" ";" ";"2012";-;-;-;-;-;-
" ";" ";"2013";-;-;-;-;-;-
" ";" ";"2014";-;-;-;-;-;-
" ";" ";"2015";-;-;-;-;-;-
" ";" ";"2016";-;-;-;-;-;-
" ";" ";"2017";-;-;-;-;-;-
" ";"2122 Mestne železniške proge"
" ";" ";"2010";-;-;-;-;-;-
" ";" ";"2011";-;-;-;-;-;-
" ";" ";"2012";-;-;-;-;-;-
" ";" ";"2013";-;-;-;-;-;-
" ";" ";"2014";-;-;-;-;-;-
" ";" ";"2015";-;-;-;-;-;-
" ";" ";"2016";-;-;-;-;-;-
" ";" ";"2017";-;-;-;-;-;-
" ";"213 Letališke steze"
" ";" ";"2010";-;-;-;-;-;-
" ";" ";"2011";-;-;-;-;-;-
" ";" ";"2012";-;-;-;-;-;-
" ";" ";"2013";-;-;-;-;-;-
" ";" ";"2014";-;-;-;-;-;-
" ";" ";"2015";-;-;-;-;-;-
" ";" ";"2016";-;-;-;-;-;-
" ";" ";"2017";-;-;-;-;-;-
" ";"2130 Letališke steze"
" ";" ";"2010";-;-;-;-;-;-
" ";" ";"2011";-;-;-;-;-;-
" ";" ";"2012";-;-;-;-;-;-
" ";" ";"2013";-;-;-;-;-;-
" ";" ";"2014";-;-;-;-;-;-
" ";" ";"2015";-;-;-;-;-;-
" ";" ";"2016";-;-;-;-;-;-
" ";" ";"2017";-;-;-;-;-;-
" ";"214 Mostovi, viadukti, predori in podhodi"
" ";" ";"2010";-;-;-;-;-;-
" ";" ";"2011";z;z;-;-;-;-
" ";" ";"2012";-;-;-;-;-;-
" ";" ";"2013";-;-;-;-;-;-
" ";" ";"2014";-;-;-;-;-;-
" ";" ";"2015";-;-;-;-;-;-
" ";" ";"2016";-;-;-;-;-;-
" ";" ";"2017";-;-;-;-;-;-
" ";"2141 Mostovi in viadukti"
" ";" ";"2010";-;-;-;-;-;-
" ";" ";"2011";z;z;-;-;-;-
" ";" ";"2012";-;-;-;-;-;-
" ";" ";"2013";-;-;-;-;-;-
" ";" ";"2014";-;-;-;-;-;-
" ";" ";"2015";-;-;-;-;-;-
" ";" ";"2016";-;-;-;-;-;-
" ";" ";"2017";-;-;-;-;-;-
" ";"2142 Predori in podhodi"
" ";" ";"2010";-;-;-;-;-;-
" ";" ";"2011";-;-;-;-;-;-
" ";" ";"2012";-;-;-;-;-;-
" ";" ";"2013";-;-;-;-;-;-
" ";" ";"2014";-;-;-;-;-;-
" ";" ";"2015";-;-;-;-;-;-
" ";" ";"2016";-;-;-;-;-;-
" ";" ";"2017";-;-;-;-;-;-
" ";"215 Pristanišèa, plovni kanali, jezovi in vodne pregrade ter drugi vodni objekti"
" ";" ";"2010";z;z;-;-;-;-
" ";" ";"2011";-;-;-;-;-;-
" ";" ";"2012";-;-;-;-;-;-
" ";" ";"2013";z;z;-;-;-;-
" ";" ";"2014";z;z;-;-;-;z
" ";" ";"2015";102222;z;-;z;-;34171
" ";" ";"2016";-;-;-;-;-;-
" ";" ";"2017";141602;141602;-;-;-;-
" ";"2151 Pristanišèa in plovni kanali"
" ";" ";"2010";-;-;-;-;-;-
" ";" ";"2011";-;-;-;-;-;-
" ";" ";"2012";-;-;-;-;-;-
" ";" ";"2013";-;-;-;-;-;-
" ";" ";"2014";-;-;-;-;-;-
" ";" ";"2015";-;-;-;-;-;-
" ";" ";"2016";-;-;-;-;-;-
" ";" ";"2017";-;-;-;-;-;-
" ";"2152 Jezovi, vodne pregrade in drugi vodni objekti"
" ";" ";"2010";z;z;-;-;-;-
" ";" ";"2011";-;-;-;-;-;-
" ";" ";"2012";-;-;-;-;-;-
" ";" ";"2013";z;z;-;-;-;-
" ";" ";"2014";-;-;-;-;-;-
" ";" ";"2015";22687;z;-;z;-;z
" ";" ";"2016";-;-;-;-;-;-
" ";" ";"2017";-;-;-;-;-;-
" ";"2153 Sistemi za namakanje in osuševanje, akvadukti"
" ";" ";"2010";-;-;-;-;-;-
" ";" ";"2011";-;-;-;-;-;-
" ";" ";"2012";-;-;-;-;-;-
" ";" ";"2013";z;z;-;-;-;-
" ";" ";"2014";z;z;-;-;-;z
" ";" ";"2015";79535;-;-;z;-;z
" ";" ";"2016";-;-;-;-;-;-
" ";" ";"2017";141602;141602;-;-;-;-
" ";"22 Cevovodi, komunikacijska omrežja in elektroenergetski vodi"
" ";" ";"2010";478293;z;-;-;z;z
" ";" ";"2011";z;z;-;z;z;-
" ";" ";"2012";z;z;-;-;-;32092
" ";" ";"2013";1381839;1188846;z;z;-;z
" ";" ";"2014";z;z;-;z;-;z
" ";" ";"2015";1438026;z;-;332247;-;z
" ";" ";"2016";1992833;1921098;-;-;-;71735
" ";" ";"2017";1627590;1531574;-;26596;-;69420
" ";"221 Daljinski cevovodi, daljinska [hrbtenièna] komunikacijska omrežja in daljinski [prenosni] elektroenergetski vodi"
" ";" ";"2010";z;z;-;-;-;z
" ";" ";"2011";z;z;-;-;-;-
" ";" ";"2012";-;-;-;-;-;-
" ";" ";"2013";z;z;-;-;-;-
" ";" ";"2014";z;z;-;-;-;-
" ";" ";"2015";z;z;-;-;-;-
" ";" ";"2016";149351;z;-;-;-;z
" ";" ";"2017";68151;68151;-;-;-;-
" ";"2211 Naftovodi in daljinski [prenosni] plinovodi"
" ";" ";"2010";-;-;-;-;-;-
" ";" ";"2011";-;-;-;-;-;-
" ";" ";"2012";-;-;-;-;-;-
" ";" ";"2013";-;-;-;-;-;-
" ";" ";"2014";-;-;-;-;-;-
" ";" ";"2015";-;-;-;-;-;-
" ";" ";"2016";-;-;-;-;-;-
" ";" ";"2017";-;-;-;-;-;-
" ";"2212 Daljinski vodovodi"
" ";" ";"2010";z;z;-;-;-;-
" ";" ";"2011";z;z;-;-;-;-
" ";" ";"2012";-;-;-;-;-;-
" ";" ";"2013";z;z;-;-;-;-
" ";" ";"2014";z;z;-;-;-;-
" ";" ";"2015";z;z;-;-;-;-
" ";" ";"2016";149351;z;-;-;-;z
" ";" ";"2017";68151;68151;-;-;-;-
" ";"2213 Daljinska [hrbtenièna] komunikacijska omrežja"
" ";" ";"2010";-;-;-;-;-;-
" ";" ";"2011";-;-;-;-;-;-
" ";" ";"2012";-;-;-;-;-;-
" ";" ";"2013";-;-;-;-;-;-
" ";" ";"2014";-;-;-;-;-;-
" ";" ";"2015";-;-;-;-;-;-
" ";" ";"2016";-;-;-;-;-;-
" ";" ";"2017";-;-;-;-;-;-
" ";"2214 Daljinski [prenosni] elektroenergetski vodi"
" ";" ";"2010";z;-;-;-;-;z
" ";" ";"2011";-;-;-;-;-;-
" ";" ";"2012";-;-;-;-;-;-
" ";" ";"2013";-;-;-;-;-;-
" ";" ";"2014";-;-;-;-;-;-
" ";" ";"2015";-;-;-;-;-;-
" ";" ";"2016";-;-;-;-;-;-
" ";" ";"2017";-;-;-;-;-;-
" ";"222 Lokalni cevovodi, lokalni [distribucijski] elektroenergetski vodi in lokalna [dostopovna] komunikacijska omrežja"
" ";" ";"2010";z;z;-;-;z;z
" ";" ";"2011";z;z;-;z;z;-
" ";" ";"2012";z;z;-;-;-;32092
" ";" ";"2013";z;z;z;z;-;z
" ";" ";"2014";z;z;-;z;-;z
" ";" ";"2015";z;z;-;332247;-;z
" ";" ";"2016";1843482;z;-;-;-;z
" ";" ";"2017";1559439;1463423;-;26596;-;69420
" ";"2221 Lokalni [distribucijski] plinovodi"
" ";" ";"2010";-;-;-;-;-;-
" ";" ";"2011";z;-;-;-;z;-
" ";" ";"2012";-;-;-;-;-;-
" ";" ";"2013";-;-;-;-;-;-
" ";" ";"2014";-;-;-;-;-;-
" ";" ";"2015";z;z;-;-;-;-
" ";" ";"2016";-;-;-;-;-;-
" ";" ";"2017";-;-;-;-;-;-
" ";"2222 Lokalni vodovodi"
" ";" ";"2010";z;z;-;-;-;-
" ";" ";"2011";z;-;-;z;z;-
" ";" ";"2012";z;z;-;-;-;z
" ";" ";"2013";z;31353;z;z;-;67990
" ";" ";"2014";127718;34419;-;z;-;z
" ";" ";"2015";73216;z;-;-;-;z
" ";" ";"2016";173355;z;-;-;-;z
" ";" ";"2017";374825;334929;-;26596;-;13300
" ";"2223 Cevovodi za odpadno vodo"
" ";" ";"2010";z;z;-;-;z;z
" ";" ";"2011";175002;z;-;z;z;-
" ";" ";"2012";95523;z;-;-;-;z
" ";" ";"2013";84991;37021;-;-;-;47970
" ";" ";"2014";333109;309048;-;z;-;z
" ";" ";"2015";622024;549783;-;z;-;z
" ";" ";"2016";1563163;1508290;-;-;-;54873
" ";" ";"2017";1146093;1089973;-;-;-;56120
" ";"2224 Lokalni [distribucijski] elektroenergetski vodi in lokalna [dostopovna] komunikacijska omrežja"
" ";" ";"2010";z;z;-;-;-;-
" ";" ";"2011";z;z;-;-;9613;-
" ";" ";"2012";30315;z;-;-;-;z
" ";" ";"2013";1012055;z;-;z;-;z
" ";" ";"2014";z;z;-;-;-;z
" ";" ";"2015";718553;z;-;z;-;z
" ";" ";"2016";106963;106963;-;-;-;-
" ";" ";"2017";38522;38522;-;-;-;-
" ";"23 Industrijski gradbeni kompleksi"
" ";" ";"2010";z;z;-;-;-;-
" ";" ";"2011";-;-;-;-;-;-
" ";" ";"2012";-;-;-;-;-;-
" ";" ";"2013";40109;z;-;-;-;z
" ";" ";"2014";z;-;-;-;-;z
" ";" ";"2015";26754;z;-;-;-;z
" ";" ";"2016";303236;z;-;-;-;z
" ";" ";"2017";1177404;1158831;-;-;-;18574
" ";"230 Industrijski gradbeni kompleksi"
" ";" ";"2010";z;z;-;-;-;-
" ";" ";"2011";-;-;-;-;-;-
" ";" ";"2012";-;-;-;-;-;-
" ";" ";"2013";40109;z;-;-;-;z
" ";" ";"2014";z;-;-;-;-;z
" ";" ";"2015";26754;z;-;-;-;z
" ";" ";"2016";303236;z;-;-;-;z
" ";" ";"2017";1177404;1158831;-;-;-;18574
" ";"2301 Objekti za pridobivanje in izkorišèanje mineralnih surovin"
" ";" ";"2010";-;-;-;-;-;-
" ";" ";"2011";-;-;-;-;-;-
" ";" ";"2012";-;-;-;-;-;-
" ";" ";"2013";-;-;-;-;-;-
" ";" ";"2014";-;-;-;-;-;-
" ";" ";"2015";-;-;-;-;-;-
" ";" ";"2016";-;-;-;-;-;-
" ";" ";"2017";-;-;-;-;-;-
" ";"2302 Elektrarne in drugi energetski objekti"
" ";" ";"2010";z;z;-;-;-;-
" ";" ";"2011";-;-;-;-;-;-
" ";" ";"2012";-;-;-;-;-;-
" ";" ";"2013";40109;z;-;-;-;z
" ";" ";"2014";z;-;-;-;-;z
" ";" ";"2015";26754;z;-;-;-;z
" ";" ";"2016";303236;z;-;-;-;z
" ";" ";"2017";1177404;1158831;-;-;-;18574
" ";"2303 Objekti kemiène industrije"
" ";" ";"2010";-;-;-;-;-;-
" ";" ";"2011";-;-;-;-;-;-
" ";" ";"2012";-;-;-;-;-;-
" ";" ";"2013";-;-;-;-;-;-
" ";" ";"2014";-;-;-;-;-;-
" ";" ";"2015";-;-;-;-;-;-
" ";" ";"2016";-;-;-;-;-;-
" ";" ";"2017";-;-;-;-;-;-
" ";"2304 Drugi industrijski gradbeni kompleksi, ki niso uvršèeni drugje"
" ";" ";"2010";-;-;-;-;-;-
" ";" ";"2011";-;-;-;-;-;-
" ";" ";"2012";-;-;-;-;-;-
" ";" ";"2013";-;-;-;-;-;-
" ";" ";"2014";-;-;-;-;-;-
" ";" ";"2015";-;-;-;-;-;-
" ";" ";"2016";-;-;-;-;-;-
" ";" ";"2017";-;-;-;-;-;-
" ";"24 Drugi gradbeni inženirski objekti"
" ";" ";"2010";z;z;z;z;z;z
" ";" ";"2011";z;z;-;z;z;z
" ";" ";"2012";z;z;-;-;-;-
" ";" ";"2013";2460481;z;z;z;-;508428
" ";" ";"2014";z;z;-;z;-;-
" ";" ";"2015";1397264;z;-;306531;-;z
" ";" ";"2016";1521710;z;-;172298;-;z
" ";" ";"2017";33550;33550;-;-;-;-
" ";"241 Objekti za šport, rekreacijo in prosti èas"
" ";" ";"2010";z;-;-;z;-;-
" ";" ";"2011";-;-;-;-;-;-
" ";" ";"2012";-;-;-;-;-;-
" ";" ";"2013";-;-;-;-;-;-
" ";" ";"2014";z;z;-;z;-;-
" ";" ";"2015";40425;-;-;40425;-;-
" ";" ";"2016";216101;z;-;-;-;z
" ";" ";"2017";z;z;-;-;-;-
" ";"2411 Športna igrišèa"
" ";" ";"2010";-;-;-;-;-;-
" ";" ";"2011";-;-;-;-;-;-
" ";" ";"2012";-;-;-;-;-;-
" ";" ";"2013";-;-;-;-;-;-
" ";" ";"2014";-;-;-;-;-;-
" ";" ";"2015";40425;-;-;40425;-;-
" ";" ";"2016";216101;z;-;-;-;z
" ";" ";"2017";-;-;-;-;-;-
" ";"2412 Drugi gradbeni inženirski objekti za šport, rekreacijo in prosti èas"
" ";" ";"2010";z;-;-;z;-;-
" ";" ";"2011";-;-;-;-;-;-
" ";" ";"2012";-;-;-;-;-;-
" ";" ";"2013";-;-;-;-;-;-
" ";" ";"2014";z;z;-;z;-;-
" ";" ";"2015";-;-;-;-;-;-
" ";" ";"2016";-;-;-;-;-;-
" ";" ";"2017";z;z;-;-;-;-
" ";"242 Drugi gradbeni inženirski objekti"
" ";" ";"2010";669836;z;z;z;z;z
" ";" ";"2011";z;z;-;z;z;z
" ";" ";"2012";z;z;-;-;-;-
" ";" ";"2013";2460481;z;z;z;-;508428
" ";" ";"2014";-;-;-;-;-;-
" ";" ";"2015";1356839;z;-;266106;-;z
" ";" ";"2016";1305609;465099;-;172298;-;668211
" ";" ";"2017";z;z;-;-;-;-
" ";"2420 Drugi gradbeni inženirski objekti"
" ";" ";"2010";669836;z;z;z;z;z
" ";" ";"2011";z;z;-;z;z;z
" ";" ";"2012";z;z;-;-;-;-
" ";" ";"2013";2460481;z;z;z;-;508428
" ";" ";"2014";-;-;-;-;-;-
" ";" ";"2015";1356839;z;-;266106;-;z
" ";" ";"2016";1305609;465099;-;172298;-;668211
" ";" ";"2017";z;z;-;-;-;-

"Enota:EUR "
" "
"Vir: Statistièni urad Republike Slovenije. "
" "
"Podatki so uteženi. "
" "
"Nekateri seštevki se zaradi zaokroževanja ne ujemajo. "
" "
"Klasifikacija vrst objektov je bila sprejeta z Uredbo o klasifikaciji "
"vrst objektov in objektih državnega pomena [Uradni list RS, št. "
"109/2011]. "

"Povezane vsebine: "
"- (seznam HREF= "
"http://www.stat.si/StatWeb/Common/PrikaziDokument.ashx?IdDatoteke=8189"
"target=_blank) Metodološka pojasnila "

